seed,rank,firstEQQualifiedTime,firstLegalWorkStart,firstPromotionAssignedTime,assignedAtFirstLegalWorkStart
42,0,364.75,399.3610400885,399.3610400885,True
42,1,1150.25,1189.1192047439,1189.1192047439,True
42,2,1834.25,1850.8610515384,1850.8610515384,True
42,3,3227.4999999998,3240.043493447,3240.043493447,True
7961,0,195,262.9606060606,262.9606060606,True
7961,1,615.5,710.8093414113,710.8093414113,True
7961,2,1439.75,1480.0643403653,1480.0643403653,True
7961,3,3109.75,3180.5695297092,3180.5695297092,True
15880,0,234.5,262.0666666666,262.0666666666,True
15880,1,620.75,710.1097774371,710.1097774371,True
15880,2,1503.75,1593.0217813298,1593.0217813298,True
15880,3,2882.5,2981.5751091161,2981.5751091161,True
23799,0,288.25,390.6320473897,390.6320473897,True
23799,1,814.5,841.0708302681,841.0708302681,True
23799,2,1591.5,1611.80479313,1611.80479313,True
23799,3,2991.75,3019.212029385,3019.212029385,True
31718,0,341.25,396.3032011299,396.3032011299,True
31718,1,1141,1185.5509660752,1185.5509660752,True
31718,2,1858.75,1955.2087201907,1955.2087201907,True
31718,3,3498.5,3588.4772923196,3588.4772923196,True
39637,0,283,389.9638026325,389.9638026325,True
39637,1,1044.25,1063.9586002195,1063.9586002195,True
39637,2,1689.5,1726.9458791373,1726.9458791373,True
39637,3,3315.75,3346.7239258239,3346.7239258239,True
47556,0,216,269.9640215275,269.9640215275,True
47556,1,646.25,740.3535214273,740.3535214273,True
47556,2,1257,1275.0118457728,1275.0118457728,True
47556,3,2578.4999999999,2672.8470370747,2672.8470370747,True
55475,0,350,401.2184748108,401.2184748108,True
55475,1,1070.25,1086.7264202104,1086.7264202104,True
55475,2,1831,1859.6875336782,1859.6875336782,True
55475,3,3379.25,3464.8280313284,3464.8280313284,True
63394,0,227,271.7112257876,271.7112257876,True
63394,1,947.5,957.4669551057,957.4669551057,True
63394,2,1658.25,1744.3784193218,1744.3784193218,True
63394,3,3494,3571.6517076927,3571.6517076927,True
71313,0,361.75,399.1172181187,399.1172181187,True
71313,1,1326,1433.1189214344,1433.1189214344,True
71313,2,2122.25,2196.0420462091,2196.0420462091,True
71313,3,,,,
79232,0,296,391.228255978,391.228255978,True
79232,1,762,836.6360659203,836.6360659203,True
79232,2,1404.5,1480.8976874964,1480.8976874964,True
79232,3,3343.75,3420.508484811,3420.508484811,True
87151,0,98.75,140.0833333333,140.0833333333,True
87151,1,784.75,818.8463618671,818.8463618671,True
87151,2,1499.5,1580.3748967454,1580.3748967454,True
87151,3,2922.25,2966.597295833,2966.597295833,True
95070,0,98.75,141.5310185185,141.5310185185,True
95070,1,396,472.920754148,472.920754148,True
95070,2,1345.5,1348.3818963902,1348.3818963902,True
95070,3,3010.25,3080.0044382496,3080.0044382496,True
102989,0,98.75,140.0833333333,140.0833333333,True
102989,1,728.75,817.1112332266,817.1112332266,True
102989,2,1317.5,1352.1188707602,1352.1188707602,True
102989,3,2751.75,2846.0581557826,2846.0581557826,True
110908,0,280.25,388.3569050327,388.3569050327,True
110908,1,863.25,942.5771081451,942.5771081451,True
110908,2,1519.5,1604.7518807032,1604.7518807032,True
110908,3,3057.75,3078.051779066,3078.051779066,True
118827,0,282.25,390.6138267844,390.6138267844,True
118827,1,700.5,725.2586041424,725.2586041424,True
118827,2,1410,1491.9661718876,1491.9661718876,True
118827,3,2991,3079.3807030458,3079.3807030458,True
126746,0,376.25,401.1139993686,401.1139993686,True
126746,1,1081.5,1091.436876561,1091.436876561,True
126746,2,1831.5,1874.1491152865,1874.1491152865,True
126746,3,3535,,,
134665,0,304.75,394.7001828703,394.7001828703,True
134665,1,699.25,736.6781211369,736.6781211369,True
134665,2,1413.25,1498.402660447,1498.402660447,True
134665,3,3172.5,3216.1711406063,3216.1711406063,True
142584,0,294.5,392.2828330654,392.2828330654,True
142584,1,1010.5,1083.5401519219,1083.5401519219,True
142584,2,1711.25,1744.7242111586,1744.7242111586,True
142584,3,3560.5,3589.2021817854,3589.2021817854,True
150503,0,242.5,273.5658411618,273.5658411618,True
150503,1,1062.25,1076.5290698533,1076.5290698533,True
150503,2,1709,1759.5039316349,1759.5039316349,True
150503,3,3090.25,3163.7597369644,3163.7597369644,True
158422,0,247.25,272.059746243,272.059746243,True
158422,1,1091.25,1187.2695551063,1187.2695551063,True
158422,2,1808.5,1844.6848394484,1844.6848394484,True
158422,3,3371.75,3459.0857763956,3459.0857763956,True
166341,0,343.75,387.8939393939,387.8939393939,True
166341,1,760,828.2016736435,828.2016736435,True
166341,2,1550,1590.3562832844,1590.3562832844,True
166341,3,3020.75,3099.6641800769,3099.6641800769,True
174260,0,340.25,396.8308629581,396.8308629581,True
174260,1,1006.5,1082.2281492489,1082.2281492489,True
174260,2,1867.75,1941.5767951434,1941.5767951434,True
174260,3,3458,3549.8663374336,3549.8663374336,True
182179,0,251.25,275.9915631457,275.9915631457,True
182179,1,997.5,1076.5315608294,1076.5315608294,True
182179,2,1802.5,1833.8848965821,1833.8848965821,True
182179,3,3359.5,3450.5918306245,3450.5918306245,True
190098,0,346.25,398.0693283645,398.0693283645,True
190098,1,1053,1086.7165415695,1086.7165415695,True
190098,2,1813,1864.3330161013,1864.3330161013,True
190098,3,3229,3268.0429262752,3268.0429262752,True
198017,0,241,275.2255439392,275.2255439392,True
198017,1,832,848.4457499674,848.4457499674,True
198017,2,1518.5,1610.4631816993,1610.4631816993,True
198017,3,3161.25,3187.0770346447,3187.0770346447,True
205936,0,98.75,140.0833333333,140.0833333333,True
205936,1,794.25,818.8266713471,818.8266713471,True
205936,2,1568,1589.4890168208,1589.4890168208,True
205936,3,3017.9999999999,3102.4390153372,3102.4390153372,True
213855,0,98.75,140.0833333333,140.0833333333,True
213855,1,688.25,715.4624676067,715.4624676067,True
213855,2,1470.25,1499.7859441056,1499.7859441056,True
213855,3,2833.25,2911.4982059356,2911.4982059356,True
221774,0,292.5,391.5249504737,391.5249504737,True
221774,1,871.25,946.594374434,946.594374434,True
221774,2,1571,1607.1414717323,1607.1414717323,True
221774,3,3090.25,3118.508783851,3118.508783851,True
229693,0,244.25,263.3777777777,263.3777777777,True
229693,1,620.75,715.1261809187,715.1261809187,True
229693,2,1436.75,1482.4711472859,1482.4711472859,True
229693,3,3229.25,3306.6643675808,3306.6643675808,True
