seed,promotionFromRank,beforeAssignment,afterAssignment,assignmentDifferenceAfterMinusBefore,beforeNextRankEntry,afterNextRankEntry,nextRankDifferenceAfterMinusBefore,censoredComparison
42,0,2557.2513840833,399.3610400885,-2157.8903439948,2653.2513840833,846.67749962,-1806.5738844632997,False
42,1,,1189.1192047439,,,1627.6087520878,,True
42,2,,1850.8610515384,,,2290.2053533453,,True
42,3,,3240.043493447,,,,,True
7961,0,2765.6082697235,262.9606060606,-2502.6476636629,2861.6082697235,358.9606060606,-2502.6476636629,False
7961,1,,710.8093414113,,,1151.0784728435,,True
7961,2,,1480.0643403653,,,2238.4161225313,,True
7961,3,,3180.5695297092,,,,,True
15880,0,2440.0339036907,262.0666666666,-2177.9672370240996,2536.0339036907,358.0666666666,-2177.9672370240996,False
15880,1,,710.1097774371,,,1470.398081227,,True
15880,2,,1593.0217813298,,,2021.1788060823,,True
15880,3,,2981.5751091161,,,,,True
