seed,version,rank,firstEQQualifiedTime,firstPromotionAssignedTime,qualificationToAssignmentDelay,rankEntryRealSeconds,rankDwellSeconds,upgradeIntervalP50,medianNextUpgradeETA
42,BEFORE,0,364.75,2557.2513840833,2192.5013840833,0,2653.2513840833,3.5,3.619186046511628
42,BEFORE,1,2653.2513840833,,,2653.2513840833,946.7486159167001,3.5,2.180752320468979
42,BEFORE,2,,,,,,,
42,BEFORE,3,,,,,,,
42,BEFORE,4,,,,,,,
42,AFTER,0,364.75,399.3610400885,34.611040088499976,0,846.67749962,5,10.28901078116134
42,AFTER,1,1150.25,1189.1192047439,38.8692047438999,846.67749962,780.9312524677999,3,2.4521072796934864
42,AFTER,2,1834.25,1850.8610515384,16.611051538400034,1627.6087520878,662.5966012575,0,1.2093875479488783
42,AFTER,3,3227.4999999998,3240.043493447,12.543493447200035,2290.2053533453,1309.7946466547,0,2.8050713153724245
42,AFTER,4,,,,,,,
7961,BEFORE,0,195,2765.6082697235,2570.6082697235,0,2861.6082697235,3.75,2.6110772976262933
7961,BEFORE,1,2861.6082697235,,,2861.6082697235,738.3917302764999,4.25,3.001695873374788
7961,BEFORE,2,,,,,,,
7961,BEFORE,3,,,,,,,
7961,BEFORE,4,,,,,,,
7961,AFTER,0,195,262.9606060606,67.96060606060001,0,358.9606060606,0,6.984776228906823
7961,AFTER,1,615.5,710.8093414113,95.30934141130001,358.9606060606,792.1178667829001,2.5,2.6756756756756754
7961,AFTER,2,1439.75,1480.0643403653,40.31434036530004,1151.0784728435,1087.3376496878,0,1.889763779527559
7961,AFTER,3,3109.75,3180.5695297092,70.8195297092002,2238.4161225313,1361.5838774687,2.25,3.231661475673934
7961,AFTER,4,,,,,,,
15880,BEFORE,0,234.5,2440.0339036907,2205.5339036907,0,2536.0339036907,3.75,3.181818181818182
15880,BEFORE,1,2536.0339036907,,,2536.0339036907,1063.9660963093002,3.75,2.6046097600418046
15880,BEFORE,2,,,,,,,
15880,BEFORE,3,,,,,,,
15880,BEFORE,4,,,,,,,
15880,AFTER,0,234.5,262.0666666666,27.566666666599986,0,358.0666666666,0,10.54945054945055
15880,AFTER,1,620.75,710.1097774371,89.35977743709998,358.0666666666,1112.3314145604,2,1.7292014692808924
15880,AFTER,2,1503.75,1593.0217813298,89.27178132979998,1470.398081227,550.7807248553002,0.625,2.0195655778477866
15880,AFTER,3,2882.5,2981.5751091161,99.07510911610007,2021.1788060823,1578.8211939177,0,2.162130331346586
15880,AFTER,4,,,,,,,
