version,seed,id,rank,start,worldStart,deadline,requirement,efficiency,quality,evaluatedEfficiency,evaluatedQuality,actualEfficiency,thresholdEfficiency,efficiencyOvershootPercent,dinnerCompletionPercent,result,overtimeWorld,overtimeElapsedReal,failureRealSeconds,overtimeFinished
"BEFORE",42,"promotion-7491",0,2557.2513840833,4164,4260,2304,98,88,98,88,88.2,20,341,100,"SUCCESS",0,0,"",""
"AFTER",42,"promotion-518",0,399.3610400885,564,660,2304,22,13,22,13,18.040000000000003,20,-9.799999999999986,81.86979166666659,"FAILED_OVERTIME",18.987272727300024,22.987272727300024,495.3610400885,518.3483128158
"AFTER",42,"promotion-755",0,750.67749962,1104,1200,2304,30,21,30,21,30,20,50,100,"SUCCESS",0,0,"",""
"AFTER",42,"promotion-1225",1,1189.1192047439,1824,1920,4608,42,32,42,32,42,40,5.000000000000004,87.5,"FAILED_OVERTIME",13.714285714300104,17.714285714300104,1285.1192047439,1302.8334904582
"AFTER",42,"promotion-1562",1,1531.6087520878,2364,2460,4608,51,42,51,42,51,40,27.499999999999993,100,"SUCCESS",0,0,"",""
"AFTER",42,"promotion-1834",2,1850.8610515384,2904,3000,9216,82,73,82,73,82,80,2.499999999999991,85.41666666666666,"FAILED_OVERTIME",16.390243902400016,20.390243902400016,1946.8610515384,1967.2512954408
"AFTER",42,"promotion-2082",2,2194.2053533453,3444,3540,9216,102,92,102,92,89.76,80,12.20000000000001,100,"SUCCESS",0,0,"",""
"AFTER",42,"promotion-3103",3,3240.043493447,5244,5340,18432,160,152,160,152,160,160,0,83.33333333333334,"FAILED_OVERTIME",19.199999999999818,23.200000000000273,3336.043493447,3359.243493447
"AFTER",42,"promotion-3288",3,3582.4104116129,5784,5880,18432,165,157,165,157,165,160,3.125,"","",0,0,"",""
"BEFORE",7961,"promotion-9705",0,2765.6082697235,4524,4620,2304,113,104,113,104,113,20,465.00000000000006,100,"SUCCESS",0,0,"",""
"AFTER",7961,"promotion-303",0,262.9606060606,384,480,2304,27,17,27,17,24.3,20,21.500000000000007,100,"SUCCESS",0,0,"",""
"AFTER",7961,"promotion-714",1,710.8093414113,1104,1200,4608,43,34,43,34,35.260000000000005,40,-11.849999999999984,89.07942708333333,"FAILED_OVERTIME",11.702790697700038,15.702790697700038,806.8093414113,822.512132109
"AFTER",7961,"promotion-1009",1,1055.0784728435,1644,1740,4608,53,44,53,44,53,40,32.49999999999999,100,"SUCCESS",0,0,"",""
"AFTER",7961,"promotion-1365",2,1480.0643403653,2364,2460,9216,84,74,84,74,84,80,5.000000000000004,87.5,"FAILED_OVERTIME",13.714285714299876,17.714285714299876,1576.0643403653,1593.7786260796
"AFTER",7961,"promotion-1649",2,1819.4492319928,2904,3000,9216,103,93,103,93,74.16,80,-7.300000000000006,94.08138020833337,"FAILED_OVERTIME",5.295728155299912,9.29572815530014,1915.4492319928,1924.7449601481
"AFTER",7961,"promotion-1957",2,2142.4161225313,3444,3540,9216,115,107,115,107,94.30000000000001,80,17.875000000000018,100,"SUCCESS",0,0,"",""
"AFTER",7961,"promotion-2901",3,3180.5695297092,5244,5340,18432,161,153,161,153,132.02,160,-17.48749999999999,80.5524088541667,"FAILED_OVERTIME",22.26447204970009,26.264472049699634,3276.5695297092,3302.8340017589
"AFTER",7961,"promotion-3199",3,3530.5032725115,5784,5880,18432,167,159,167,159,150.3,160,-6.062499999999993,"","",0,0,"",""
"BEFORE",15880,"promotion-7450",0,2440.0339036907,3984,4080,2304,101,91,101,91,101,20,405,100,"SUCCESS",0,0,"",""
"AFTER",15880,"promotion-233",0,262.0666666666,384,480,2304,25,16,25,16,22.5,20,12.5,100,"SUCCESS",0,0,"",""
"AFTER",15880,"promotion-603",1,710.1097774371,1104,1200,4608,44,34,44,34,39.6,40,-1.0000000000000009,85.36458333333363,"FAILED_OVERTIME",15.327272727299942,19.327272727300056,806.1097774371,825.4370501644
"AFTER",15880,"promotion-945",1,1053.2669903211,1644,1740,4608,58,48,58,48,41.76,40,4.400000000000004,99.611979166667,"FAILED_OVERTIME",0.3082758620998902,4.308275862100118,1149.2669903211,1153.5752661832
"AFTER",15880,"promotion-1359",1,1374.398081227,2184,2280,4608,73,63,73,63,73,40,82.5,100,"SUCCESS",0,0,"",""
"AFTER",15880,"promotion-1642",2,1593.0217813298,2544,2640,9216,88,78,88,78,68.64,80,-14.200000000000001,88.11458333333333,"FAILED_OVERTIME",12.44727272730006,16.44727272730006,1689.0217813298,1705.4690540571
"AFTER",15880,"promotion-1869",2,1925.1788060823,3084,3180,9216,100,90,100,90,100,80,25,100,"SUCCESS",0,0,"",""
"AFTER",15880,"promotion-2952",3,2981.5751091161,4884,4980,18432,163,156,163,156,133.66,160,-16.462500000000002,84.41829427083333,"FAILED_OVERTIME",17.61975460119993,21.61975460119993,3077.5751091161,3099.1948637173
"AFTER",15880,"promotion-3168",3,3321.7451141142,5424,5520,18432,169,161,169,161,121.67999999999999,160,-23.950000000000003,72.56217447916669,"FAILED_OVERTIME",29.925088757399863,33.92508875739986,3417.7451141142,3451.6702028716
"AFTER",23799,"promotion-489",0,390.6320473897,564,660,2304,25,16,25,16,25,20,25,100,"SUCCESS",0,0,"",""
"AFTER",23799,"promotion-900",1,841.0708302681,1284,1380,4608,41,31,41,31,41,40,2.499999999999991,85.41666666666666,"FAILED_OVERTIME",16.390243902400016,20.390243902399902,937.0708302681,957.4610741705
"AFTER",23799,"promotion-1154",1,1181.7163856951,1824,1920,4608,53,44,53,44,53,40,32.49999999999999,100,"SUCCESS",0,0,"",""
"AFTER",23799,"promotion-1511",2,1611.80479313,2544,2640,9216,81,72,81,72,81,80,1.2499999999999956,84.375,"FAILED_OVERTIME",17.77777777780011,21.777777777799884,1707.80479313,1729.5825709078
"AFTER",23799,"promotion-1833",2,1951.070296596,3084,3180,9216,103,93,103,93,84.46000000000001,80,5.575000000000019,100,"SUCCESS",0,0,"",""
"AFTER",23799,"promotion-2812",3,3019.212029385,4884,4980,18432,161,153,161,153,132.02,160,-17.48749999999999,83.38248697916666,"FAILED_OVERTIME",19.024472049700307,23.024472049700307,3115.212029385,3138.2365014347
"AFTER",23799,"promotion-3072",3,3353.4494551624,5424,5520,18432,166,158,166,158,149.4,160,-6.624999999999992,80.51432291666694,"FAILED_OVERTIME",21.636144578300446,25.63614457829999,3449.4494551624,3475.0855997407
"AFTER",31718,"promotion-573",0,396.3032011299,564,660,2304,23,14,23,14,23,20,14.999999999999991,95.83333333333334,"FAILED_OVERTIME",4.173913043499965,8.173913043500022,492.3032011299,500.4771141734
"AFTER",31718,"promotion-1028",0,749.6783795937,1104,1200,2304,30,20,30,20,24.6,20,23,100,"SUCCESS",0,0,"",""
"AFTER",31718,"promotion-1449",1,1185.5509660752,1824,1920,4608,42,33,42,33,42,40,5.000000000000004,87.5,"FAILED_OVERTIME",13.714285714300104,17.714285714300104,1281.5509660752,1299.2652517895
"AFTER",31718,"promotion-1793",1,1530.5299569945,2364,2460,4608,59,50,59,50,59,40,47.50000000000001,100,"SUCCESS",0,0,"",""
"AFTER",31718,"promotion-2146",2,1955.2087201907,3084,3180,9216,90,80,90,80,70.2,80,-12.249999999999995,84.84375,"FAILED_OVERTIME",15.519999999999982,19.519999999999982,2051.2087201907,2070.7287201907
"AFTER",31718,"promotion-2404",2,2298.1611879059,3624,3720,9216,105,95,105,95,105,80,31.25,100,"SUCCESS",0,0,"",""
"AFTER",31718,"promotion-3500",3,3588.4772923196,5784,5880,18432,163,156,163,156,146.70000000000002,160,-8.31249999999999,"","",0,0,"",""
"AFTER",39637,"promotion-525",0,389.9638026325,564,660,2304,25,16,25,16,22.5,20,12.5,97.00520833333334,"FAILED_OVERTIME",2.759999999999991,6.759999999999991,485.9638026325,492.7238026325
"AFTER",39637,"promotion-964",0,736.7415830462,1104,1200,2304,31,21,31,21,31,20,55.00000000000001,100,"SUCCESS",0,0,"",""
"AFTER",39637,"promotion-1321",1,1063.9586002195,1644,1740,4608,40,31,40,31,32.800000000000004,40,-17.999999999999993,82.86458333333333,"FAILED_OVERTIME",19.74000000000001,23.73999999999978,1159.9586002195,1183.6986002195
"AFTER",39637,"promotion-1620",1,1409.8075417624,2184,2280,4608,54,44,54,44,54,40,35.00000000000001,100,"SUCCESS",0,0,"",""
"AFTER",39637,"promotion-1965",2,1726.9458791373,2724,2820,9216,84,74,84,74,84,80,5.000000000000004,87.5,"FAILED_OVERTIME",13.714285714299876,17.714285714300104,1822.9458791373,1840.6601648516
"AFTER",39637,"promotion-2270",2,2063.9652144178,3264,3360,9216,103,94,103,94,84.46000000000001,80,5.575000000000019,95.82486979166637,"FAILED_OVERTIME",3.7357281552999666,7.735728155299967,2159.9652144178,2167.7009425731
"AFTER",39637,"promotion-2619",2,2388.7144147939,3804,3900,9216,118,111,118,111,118,80,47.50000000000001,100,"SUCCESS",0,0,"",""
"AFTER",39637,"promotion-3594",3,3346.7239258239,5424,5520,18432,160,152,160,152,160,160,0,83.33333333333334,"FAILED_OVERTIME",19.199999999999818,23.199999999999818,3442.7239258239,3465.9239258239
"AFTER",47556,"promotion-361",0,269.9640215275,384,480,2304,24,15,24,15,24,20,19.999999999999996,100,"SUCCESS",0,0,"",""
"AFTER",47556,"promotion-742",1,740.3535214273,1104,1200,4608,50,41,50,41,45,40,12.5,97.00520833333334,"FAILED_OVERTIME",2.759999999999991,6.759999999999991,836.3535214273,843.1135214273
"AFTER",47556,"promotion-1100",1,1066.5097522324,1644,1740,4608,65,56,65,56,65,40,62.5,100,"SUCCESS",0,0,"",""
"AFTER",47556,"promotion-1294",2,1275.0118457728,2004,2100,9216,82,72,82,72,73.8,80,-7.750000000000002,77.94270833333293,"FAILED_OVERTIME",24.790243902400107,28.790243902400107,1371.0118457728,1399.8020896752
"AFTER",47556,"promotion-1625",2,1624.9174311506,2544,2640,9216,103,93,103,93,103,80,28.750000000000007,100,"SUCCESS",0,0,"",""
"AFTER",47556,"promotion-2669",3,2672.8470370747,4344,4440,18432,162,154,162,154,145.8,160,-8.87499999999999,78.57421874999999,"FAILED_OVERTIME",24.377777777799565,28.37777777780002,2768.8470370747,2797.2248148525
"AFTER",47556,"promotion-2898",3,3012.3350871579,4884,4980,18432,167,160,167,160,167,160,4.374999999999996,86.97916666666666,"FAILED_OVERTIME",14.37125748499966,18.371257485000115,3108.3350871579,3126.7063446429
"AFTER",47556,"promotion-3128",3,3345.3855581189,5424,5520,18432,172,164,172,164,154.8,160,-3.2499999999999973,88.46354166666669,"FAILED_OVERTIME",12.362790697699893,16.362790697699893,3441.3855581189,3457.7483488166
"AFTER",55475,"promotion-488",0,401.2184748108,564,660,2304,22,13,22,13,22,20,10.000000000000009,91.66666666666666,"FAILED_OVERTIME",8.727272727300033,12.727272727300033,497.2184748108,509.9457475381
"AFTER",55475,"promotion-888",0,757.8169262849,1104,1200,2304,28,19,28,19,28,20,39.99999999999999,100,"SUCCESS",0,0,"",""
"AFTER",55475,"promotion-1154",1,1086.7264202104,1644,1740,4608,40,31,40,31,36,40,-9.999999999999998,77.60416666666666,"FAILED_OVERTIME",25.799999999999955,29.799999999999955,1182.7264202104,1212.5264202104
"AFTER",55475,"promotion-1491",1,1435.8909839751,2184,2280,4608,50,40,50,40,50,40,25,100,"SUCCESS",0,0,"",""
"AFTER",55475,"promotion-1809",2,1859.6875336782,2904,3000,9216,81,72,81,72,81,80,1.2499999999999956,84.375,"FAILED_OVERTIME",17.77777777780011,21.77777777780011,1955.6875336782,1977.465311456
"AFTER",55475,"promotion-2103",2,2196.1927967809,3444,3540,9216,102,93,102,93,102,80,27.499999999999993,100,"SUCCESS",0,0,"",""
"AFTER",55475,"promotion-3247",3,3464.8280313284,5604,5700,18432,161,153,161,153,161,160,0.6250000000000089,83.85416666666666,"FAILED_OVERTIME",18.484472049700344,22.48447204969989,3560.8280313284,3583.3125033781
"AFTER",63394,"promotion-358",0,271.7112257876,384,480,2304,23,13,23,13,20.7,20,3.499999999999992,92.83854166666666,"FAILED_OVERTIME",7.173913043500022,11.173913043500022,367.7112257876,378.8851388311
"AFTER",63394,"promotion-767",0,626.6899525764,924,1020,2304,29,19,29,19,26.1,20,30.500000000000014,100,"SUCCESS",0,0,"",""
"AFTER",63394,"promotion-1061",1,957.4669551057,1464,1560,4608,40,30,40,30,40,40,0,83.33333333333334,"FAILED_OVERTIME",19.200000000000045,23.200000000000045,1053.4669551057,1076.6669551057
"AFTER",63394,"promotion-1372",1,1316.8953472672,2004,2100,4608,53,44,53,44,53,40,32.49999999999999,100,"SUCCESS",0,0,"",""
"AFTER",63394,"promotion-1800",2,1744.3784193218,2724,2820,9216,84,74,84,74,68.88000000000001,80,-13.89999999999999,78.1484374999998,"FAILED_OVERTIME",23.974285714300095,27.974285714299867,1840.3784193218,1868.3527050361
"AFTER",63394,"promotion-2011",2,2096.532604409,3264,3360,9216,100,91,100,91,100,80,25,100,"SUCCESS",0,0,"",""
"AFTER",63394,"promotion-3237",3,3571.6517076927,5784,5880,18432,161,154,161,154,161,160,0.6250000000000089,"","",0,0,"",""
"AFTER",71313,"promotion-550",0,399.1172181187,564,660,2304,22,13,22,13,19.8,20,-1.0000000000000009,85.36458333333361,"FAILED_OVERTIME",15.327272727300056,19.3272727273,495.1172181187,514.444490846
"AFTER",71313,"promotion-938",0,757.0187449571,1104,1200,2304,28,18,28,18,20.16,20,0.8000000000000007,96.17708333333313,"FAILED_OVERTIME",3.1457142857000235,7.1457142857000235,853.0187449571,860.1644592428
"AFTER",71313,"promotion-1329",0,1097.7955475302,1644,1740,2304,33,24,33,24,33,20,64.99999999999999,100,"SUCCESS",0,0,"",""
"AFTER",71313,"promotion-1645",1,1433.1189214344,2184,2280,4608,44,35,44,35,36.080000000000005,40,-9.799999999999986,91.15104166666667,"FAILED_OVERTIME",9.267272727300224,13.267272727299996,1529.1189214344,1542.3861941617
"AFTER",71313,"promotion-1989",1,1775.8871482496,2724,2820,4608,52,42,52,42,52,40,30.000000000000004,100,"SUCCESS",0,0,"",""
"AFTER",71313,"promotion-2408",2,2196.0420462091,3444,3540,9216,85,75,85,75,76.5,80,-4.374999999999996,84.11458333333334,"FAILED_OVERTIME",17.223529411799973,21.223529411799973,2292.0420462091,2313.2655756209
"AFTER",71313,"promotion-2667",2,2537.1212718272,3984,4080,9216,101,91,101,91,101,80,26.249999999999996,100,"SUCCESS",0,0,"",""
"AFTER",79232,"promotion-506",0,391.228255978,564,660,2304,24,15,24,15,24,20,19.999999999999996,100,"SUCCESS",0,0,"",""
"AFTER",79232,"promotion-897",1,836.6360659203,1284,1380,4608,47,38,47,38,47,40,17.500000000000004,97.91666666666666,"FAILED_OVERTIME",2.0425531915000192,6.042553191500019,932.6360659203,938.6786191118
"AFTER",79232,"promotion-1234",1,1162.8512684379,1824,1920,4608,58,49,58,49,58,40,44.99999999999999,100,"SUCCESS",0,0,"",""
"AFTER",79232,"promotion-1568",2,1480.8976874964,2364,2460,9216,85,75,85,75,85,80,6.25,88.54166666666666,"FAILED_OVERTIME",12.423529411799791,16.42352941180002,1576.8976874964,1593.3212169082
"AFTER",79232,"promotion-1828",2,1825.518554104,2904,3000,9216,99,89,99,89,81.18,80,1.475000000000004,95.58398437500009,"FAILED_OVERTIME",4.110909090899895,8.110909090899895,1921.518554104,1929.6294631949
"AFTER",79232,"promotion-2114",2,2150.6487151361,3444,3540,9216,114,106,114,106,114,80,42.50000000000001,100,"SUCCESS",0,0,"",""
"AFTER",79232,"promotion-3237",3,3420.508484811,5604,5700,18432,161,153,161,153,161,160,0.6250000000000089,83.85416666666666,"FAILED_OVERTIME",18.484472049700344,22.48447204969989,3516.508484811,3538.9929568607
"AFTER",87151,"promotion-79",0,140.0833333333,204,300,2304,24,15,24,15,18.72,20,-6.400000000000006,91.99999999999994,"FAILED_OVERTIME",7.680000000000007,11.680000000000007,236.0833333333,247.7633333333
"AFTER",87151,"promotion-516",0,493.9377588708,744,840,2304,30,20,30,20,30,20,50,100,"SUCCESS",0,0,"",""
"AFTER",87151,"promotion-878",1,818.8463618671,1284,1380,4608,42,33,42,33,42,40,5.000000000000004,87.5,"FAILED_OVERTIME",13.714285714300104,17.71428571429999,914.8463618671,932.5606475814
"AFTER",87151,"promotion-1170",1,1158.5680378252,1824,1920,4608,52,43,52,43,46.800000000000004,40,17.000000000000014,100,"SUCCESS",0,0,"",""
"AFTER",87151,"promotion-1562",2,1580.3748967454,2544,2640,9216,89,80,89,80,80.10000000000001,80,0.12500000000001954,84.59635416666632,"FAILED_OVERTIME",15.95056179780022,19.950561797799992,1676.3748967454,1696.3254585432
"AFTER",87151,"promotion-1856",2,1914.9769407681,3084,3180,9216,110,100,110,100,99,80,23.750000000000004,100,"SUCCESS",0,0,"",""
"AFTER",87151,"promotion-2871",3,2966.597295833,4884,4980,18432,161,153,161,153,144.9,160,-9.437499999999998,78.08919270833357,"FAILED_OVERTIME",25.084472049699798,29.084472049700253,3062.597295833,3091.6817678827
"AFTER",87151,"promotion-3124",3,3302.8803476659,5424,5520,18432,165,158,165,158,165,160,3.125,85.9375,"FAILED_OVERTIME",15.709090909100269,19.709090909099814,3398.8803476659,3418.589438575
"AFTER",95070,"promotion-89",0,141.5310185185,204,300,2304,25,16,25,16,25,20,25,100,"SUCCESS",0,0,"",""
"AFTER",95070,"promotion-340",1,472.920754148,744,840,4608,43,33,43,33,43,40,7.499999999999996,89.58333333333334,"FAILED_OVERTIME",11.162790697699961,15.162790697699961,568.920754148,584.0835448457
"AFTER",95070,"promotion-648",1,809.6164107682,1284,1380,4608,52,43,52,43,40.56,40,1.4000000000000012,99.66666666666671,"FAILED_OVERTIME",0.295384615400053,4.295384615399939,905.6164107682,909.9117953836
"AFTER",95070,"promotion-1025",1,1135.8434256095,1824,1920,4608,66,57,66,57,66,40,64.99999999999999,100,"SUCCESS",0,0,"",""
"AFTER",95070,"promotion-1240",2,1348.3818963902,2184,2280,9216,80,71,80,71,80,80,0,83.33333333333334,"FAILED_OVERTIME",19.199999999999818,23.200000000000045,1444.3818963902,1467.5818963902
"AFTER",95070,"promotion-1481",2,1691.197120429,2724,2820,9216,101,91,101,91,72.72,80,-9.099999999999998,86.73111979166664,"FAILED_OVERTIME",12.107524752500012,16.107524752500012,1787.197120429,1803.3046451815
"AFTER",95070,"promotion-1822",2,2023.4003526503,3264,3360,9216,117,109,117,109,105.3,80,31.624999999999993,100,"SUCCESS",0,0,"",""
"AFTER",95070,"promotion-2903",3,3080.0044382496,5064,5160,18432,161,153,161,153,161,160,0.6250000000000089,83.85416666666666,"FAILED_OVERTIME",18.484472049700344,22.484472049700344,3176.0044382496,3198.4889102993
"AFTER",95070,"promotion-3154",3,3414.0624235173,5604,5700,18432,168,161,168,161,120.96,160,-24.4,76.72656249999993,"FAILED_OVERTIME",25.534285714299585,29.53428571430004,3510.0624235173,3539.5967092316
"AFTER",102989,"promotion-75",0,140.0833333333,204,300,2304,24,14,24,14,24,20,19.999999999999996,100,"SUCCESS",0,0,"",""
"AFTER",102989,"promotion-720",1,817.1112332266,1284,1380,4608,48,38,48,38,48,40,19.999999999999996,100,"SUCCESS",0,0,"",""
"AFTER",102989,"promotion-1115",2,1352.1188707602,2184,2280,9216,84,74,84,74,75.60000000000001,80,-5.499999999999994,81.48437499999997,"FAILED_OVERTIME",20.314285714299785,24.314285714300013,1448.1188707602,1472.4331564745
"AFTER",102989,"promotion-1391",2,1690.0562252761,2724,2820,9216,104,95,104,95,85.28,80,6.600000000000006,100,"SUCCESS",0,0,"",""
"AFTER",102989,"promotion-2488",3,2846.0581557826,4704,4800,18432,161,153,161,153,161,160,0.6250000000000089,83.85416666666666,"FAILED_OVERTIME",18.484472049700344,22.48447204969989,2942.0581557826,2964.5426278323
"AFTER",102989,"promotion-2758",3,3186.3621079425,5244,5340,18432,167,160,167,160,130.26,160,-18.587500000000002,78.71614583333364,"FAILED_OVERTIME",23.49125748499955,27.491257485000006,3282.3621079425,3309.8533654275
"AFTER",102989,"promotion-3003",3,3522.5725060389,5784,5880,18432,171,163,171,163,171,160,6.875000000000009,"","",0,0,"",""
"AFTER",110908,"promotion-502",0,388.3569050327,564,660,2304,26,16,26,16,26,20,30.000000000000004,100,"SUCCESS",0,0,"",""
"AFTER",110908,"promotion-1026",1,942.5771081451,1464,1560,4608,43,33,43,33,38.7,40,-3.2499999999999973,86.7838541666666,"FAILED_OVERTIME",14.162790697700075,18.162790697699847,1038.5771081451,1056.7398988428
"AFTER",110908,"promotion-1336",1,1287.8054178397,2004,2100,4608,53,44,53,44,53,40,32.49999999999999,100,"SUCCESS",0,0,"",""
"AFTER",110908,"promotion-1655",2,1604.7518807032,2544,2640,9216,86,76,86,76,86,80,7.499999999999996,89.58333333333334,"FAILED_OVERTIME",11.162790697700075,15.162790697700075,1700.7518807032,1715.9146714009
"AFTER",110908,"promotion-1982",2,1929.5828920858,3084,3180,9216,105,96,105,96,81.9,80,2.375000000000016,100,"SUCCESS",0,0,"",""
"AFTER",110908,"promotion-3042",3,3078.051779066,5064,5160,18432,161,153,161,153,161,160,0.6250000000000089,83.85416666666666,"FAILED_OVERTIME",18.484472049700344,22.48447204969989,3174.051779066,3196.5362511157
"AFTER",110908,"promotion-3308",3,3409.1509778853,5604,5700,18432,167,159,167,159,167,160,4.374999999999996,86.97916666666666,"FAILED_OVERTIME",14.37125748499966,18.371257485000115,3505.1509778853,3523.5222353703
"AFTER",118827,"promotion-536",0,390.6138267844,564,660,2304,26,16,26,16,23.400000000000002,20,17.000000000000014,100,"SUCCESS",0,0,"",""
"AFTER",118827,"promotion-825",1,725.2586041424,1104,1200,4608,42,32,42,32,42,40,5.000000000000004,87.5,"FAILED_OVERTIME",13.714285714300104,17.71428571429999,821.2586041424,838.9728898567
"AFTER",118827,"promotion-1130",1,1072.6661050894,1644,1740,4608,54,44,54,44,54,40,35.00000000000001,100,"SUCCESS",0,0,"",""
"AFTER",118827,"promotion-1484",2,1491.9661718876,2364,2460,9216,89,80,89,80,89,80,11.250000000000004,92.70833333333334,"FAILED_OVERTIME",7.550561797800128,11.5505617977999,1587.9661718876,1599.5167336854
"AFTER",118827,"promotion-1790",2,1816.9191415768,2904,3000,9216,110,101,110,101,110,80,37.5,100,"SUCCESS",0,0,"",""
"AFTER",118827,"promotion-2948",3,3079.3807030458,5064,5160,18432,163,155,163,155,163,160,1.8750000000000044,84.89583333333334,"FAILED_OVERTIME",17.079754601199966,21.079754601199966,3175.3807030458,3196.460457647
"AFTER",118827,"promotion-3190",3,3418.2088614548,5604,5700,18432,167,160,167,160,167,160,4.374999999999996,86.97916666666666,"FAILED_OVERTIME",14.37125748499966,18.37125748499966,3514.2088614548,3532.5801189398
"AFTER",126746,"promotion-496",0,401.1139993686,564,660,2304,22,12,22,12,18.040000000000003,20,-9.799999999999986,91.15104166666667,"FAILED_OVERTIME",9.267272727299996,13.267272727299996,497.1139993686,510.3812720959
"AFTER",126746,"promotion-769",0,759.958647316,1104,1200,2304,30,20,30,20,30,20,50,100,"SUCCESS",0,0,"",""
"AFTER",126746,"promotion-1087",1,1091.436876561,1644,1740,4608,40,30,40,30,28.799999999999997,40,-28.000000000000004,77.13541666666667,"FAILED_OVERTIME",26.339999999999918,30.340000000000146,1187.436876561,1217.776876561
"AFTER",126746,"promotion-1373",1,1437.4692866472,2184,2280,4608,52,43,52,43,52,40,30.000000000000004,100,"SUCCESS",0,0,"",""
"AFTER",126746,"promotion-1691",2,1874.1491152865,2904,3000,9216,82,72,82,72,73.8,80,-7.750000000000002,81.1458333333332,"FAILED_OVERTIME",21.190243902400198,25.19024390239997,1970.1491152865,1995.3393591889
"AFTER",126746,"promotion-1949",2,2212.9183796615,3444,3540,9216,97,88,97,88,87.3,80,9.125000000000005,95.98958333333317,"FAILED_OVERTIME",3.8103092783999273,7.810309278400382,2308.9183796615,2316.7286889399
"AFTER",126746,"promotion-2204",2,2531.8749266417,3984,4080,9216,111,101,111,101,111,80,38.74999999999999,100,"SUCCESS",0,0,"",""
"AFTER",134665,"promotion-514",0,394.7001828703,564,660,2304,24,15,24,15,24,20,19.999999999999996,100,"SUCCESS",0,0,"",""
"AFTER",134665,"promotion-803",1,736.6781211369,1104,1200,4608,45,36,45,36,45,40,12.5,93.75,"FAILED_OVERTIME",6.400000000000091,10.399999999999977,832.6781211369,843.0781211369
"AFTER",134665,"promotion-1146",1,1067.1729496321,1644,1740,4608,64,54,64,54,64,40,60.00000000000001,100,"SUCCESS",0,0,"",""
"AFTER",134665,"promotion-1580",2,1498.402660447,2364,2460,9216,86,76,86,76,86,80,7.499999999999996,89.58333333333334,"FAILED_OVERTIME",11.162790697700075,15.162790697700075,1594.402660447,1609.5654511447
"AFTER",134665,"promotion-1875",2,1836.4118726819,2904,3000,9216,101,92,101,92,82.82000000000001,80,3.5250000000000004,97.51497395833326,"FAILED_OVERTIME",2.2675247524998667,6.267524752500094,1932.4118726819,1938.6793974344
"AFTER",134665,"promotion-2182",2,2159.5422440316,3444,3540,9216,114,106,114,106,114,80,42.50000000000001,100,"SUCCESS",0,0,"",""
"AFTER",134665,"promotion-3187",3,3216.1711406063,5244,5340,18432,161,154,161,154,141.68,160,-11.449999999999994,83.22526041666669,"FAILED_OVERTIME",19.20447204969969,23.204472049700144,3312.1711406063,3335.375612656
"AFTER",134665,"promotion-3426",3,3551.2252406708,5784,5880,18432,170,162,170,162,170,160,6.25,"","",0,0,"",""
"AFTER",142584,"promotion-533",0,392.2828330654,564,660,2304,24,15,24,15,17.28,20,-13.59999999999999,92.56250000000014,"FAILED_OVERTIME",7.139999999999986,11.140000000000043,488.2828330654,499.4228330654
"AFTER",142584,"promotion-821",0,746.3947881317,1104,1200,2304,32,23,32,23,32,20,60.00000000000001,100,"SUCCESS",0,0,"",""
"AFTER",142584,"promotion-1163",1,1083.5401519219,1644,1740,4608,46,37,46,37,41.4,40,3.499999999999992,89.24479166666637,"FAILED_OVERTIME",10.773913043499988,14.773913043499988,1179.5401519219,1194.3140649654
"AFTER",142584,"promotion-1497",1,1428.791582256,2184,2280,4608,56,47,56,47,56,40,39.99999999999999,100,"SUCCESS",0,0,"",""
"AFTER",142584,"promotion-1751",2,1744.7242111586,2724,2820,9216,83,73,83,73,59.76,80,-25.3,80.02799479166691,"FAILED_OVERTIME",22.176144578299954,26.176144578300182,1840.7242111586,1866.9003557369
"AFTER",142584,"promotion-2058",2,2093.1322290258,3264,3360,9216,102,92,102,92,91.8,80,14.749999999999996,98.94531249999972,"FAILED_OVERTIME",0.9529411765001896,4.95294117650019,2189.1322290258,2194.0851702023
"AFTER",142584,"promotion-2338",2,2416.6458704944,3804,3900,9216,113,104,113,104,113,80,41.25000000000001,100,"SUCCESS",0,0,"",""
"AFTER",142584,"promotion-3303",3,3589.2021817854,5784,5880,18432,160,152,160,152,124.80000000000001,160,-21.999999999999996,"","",0,0,"",""
"AFTER",150503,"promotion-351",0,273.5658411618,384,480,2304,22,12,22,12,15.84,20,-20.799999999999997,70.75520833333361,"FAILED_OVERTIME",30.62727272730001,34.62727272730001,369.5658411618,404.1931138891
"AFTER",150503,"promotion-742",0,638.5129037219,924,1020,2304,28,19,28,19,28,20,39.99999999999999,100,"SUCCESS",0,0,"",""
"AFTER",150503,"promotion-1153",1,1076.5290698533,1644,1740,4608,40,30,40,30,28.799999999999997,40,-28.000000000000004,68.6979166666668,"FAILED_OVERTIME",36.059999999999945,40.06000000000017,1172.5290698533,1212.5890698533
"AFTER",150503,"promotion-1490",1,1430.7560077262,2184,2280,4608,56,47,56,47,50.4,40,26,100,"SUCCESS",0,0,"",""
"AFTER",150503,"promotion-1763",2,1759.5039316349,2724,2820,9216,84,74,84,74,84,80,5.000000000000004,87.5,"FAILED_OVERTIME",13.714285714299876,17.714285714299876,1855.5039316349,1873.2182173492
"AFTER",150503,"promotion-2059",2,2100.7337102641,3264,3360,9216,102,93,102,93,102,80,27.499999999999993,100,"SUCCESS",0,0,"",""
"AFTER",150503,"promotion-3049",3,3163.7597369644,5064,5160,18432,161,153,161,153,161,160,0.6250000000000089,83.85416666666666,"FAILED_OVERTIME",18.484472049700344,22.48447204969989,3259.7597369644,3282.2442090141
"AFTER",150503,"promotion-3311",3,3505.0314675383,5604,5700,18432,168,160,168,160,151.20000000000002,160,-5.499999999999994,"","",0,0,"",""
"AFTER",158422,"promotion-327",0,272.059746243,384,480,2304,22,12,22,12,22,20,10.000000000000009,91.66666666666666,"FAILED_OVERTIME",8.727272727299976,12.727272727299976,368.059746243,380.7870189703
"AFTER",158422,"promotion-637",0,627.3948142537,924,1020,2304,30,20,30,20,30,20,50,100,"SUCCESS",0,0,"",""
"AFTER",158422,"promotion-1203",1,1187.2695551063,1824,1920,4608,44,35,44,35,44,40,10.000000000000009,91.66666666666666,"FAILED_OVERTIME",8.727272727300033,12.727272727300033,1283.2695551063,1295.9968278336
"AFTER",158422,"promotion-1577",1,1525.2510462529,2364,2460,4608,57,47,57,47,57,40,42.50000000000001,100,"SUCCESS",0,0,"",""
"AFTER",158422,"promotion-1937",2,1844.6848394484,2904,3000,9216,82,73,82,73,73.8,80,-7.750000000000002,81.1458333333332,"FAILED_OVERTIME",21.190243902400198,25.19024390239997,1940.6848394484,1965.8750833508
"AFTER",158422,"promotion-2201",2,2181.5663467013,3444,3540,9216,101,91,101,91,90.9,80,13.624999999999998,99.94791666666659,"FAILED_OVERTIME",0.047524752500066825,4.047524752500067,2277.5663467013,2281.6138714538
"AFTER",158422,"promotion-2480",2,2501.5560543964,3984,4080,9216,113,105,113,105,113,80,41.25000000000001,100,"SUCCESS",0,0,"",""
"AFTER",158422,"promotion-3409",3,3459.0857763956,5604,5700,18432,163,155,163,155,127.14,160,-20.537499999999998,78.10416666666674,"FAILED_OVERTIME",24.759754601200257,28.759754601199802,3555.0857763956,3583.8455309968
"AFTER",166341,"promotion-430",0,387.8939393939,564,660,2304,27,17,27,17,27,20,35.00000000000001,100,"SUCCESS",0,0,"",""
"AFTER",166341,"promotion-793",1,828.2016736435,1284,1380,4608,44,35,44,35,39.6,40,-1.0000000000000009,87.08333333333347,"FAILED_OVERTIME",13.527272727299987,17.527272727299987,924.2016736435,941.7289463708
"AFTER",166341,"promotion-1130",1,1171.3618475094,1824,1920,4608,55,46,55,46,55,40,37.5,100,"SUCCESS",0,0,"",""
"AFTER",166341,"promotion-1502",2,1590.3562832844,2544,2640,9216,84,75,84,75,75.60000000000001,80,-5.499999999999994,84.76562500000006,"FAILED_OVERTIME",16.714285714299876,20.714285714300104,1686.3562832844,1707.0705689987
"AFTER",166341,"promotion-1788",2,1928.7050049072,3084,3180,9216,105,95,105,95,92.4,80,15.500000000000004,100,"SUCCESS",0,0,"",""
"AFTER",166341,"promotion-2815",3,3099.6641800769,5064,5160,18432,161,153,161,153,141.68,160,-11.449999999999994,81.33854166666669,"FAILED_OVERTIME",21.364472049700453,25.364472049699998,3195.6641800769,3221.0286521266
"AFTER",166341,"promotion-3043",3,3441.3102096692,5604,5700,18432,166,158,166,158,166,160,3.750000000000009,86.45833333333334,"FAILED_OVERTIME",15.036144578300082,19.03614457830008,3537.3102096692,3556.3463542475
"AFTER",174260,"promotion-504",0,396.8308629581,564,660,2304,23,13,23,13,18.860000000000003,20,-5.699999999999983,95.29427083333333,"FAILED_OVERTIME",4.7139130435000425,8.713913043499986,492.8308629581,501.5447760016
"AFTER",174260,"promotion-889",0,753.4642841935,1104,1200,2304,30,21,30,21,30,20,50,100,"SUCCESS",0,0,"",""
"AFTER",174260,"promotion-1205",1,1082.2281492489,1644,1740,4608,42,32,42,32,34.440000000000005,40,-13.89999999999999,87.00781249999999,"FAILED_OVERTIME",14.254285714300067,18.25428571429984,1178.2281492489,1196.4824349632
"AFTER",174260,"promotion-1471",1,1420.1757872084,2184,2280,4608,57,47,57,47,57,40,42.50000000000001,100,"SUCCESS",0,0,"",""
"AFTER",174260,"promotion-1912",2,1941.5767951434,3084,3180,9216,83,74,83,74,74.7,80,-6.624999999999992,78.89322916666708,"FAILED_OVERTIME",23.436144578300173,27.436144578300173,2037.5767951434,2065.0129397217
"AFTER",174260,"promotion-2180",2,2279.2206626553,3624,3720,9216,100,91,100,91,82,80,2.499999999999991,100,"SUCCESS",0,0,"",""
"AFTER",174260,"promotion-3179",3,3549.8663374336,5784,5880,18432,161,154,161,154,161,160,0.6250000000000089,"","",0,0,"",""
"AFTER",182179,"promotion-333",0,275.9915631457,384,480,2304,22,12,22,12,17.16,20,-14.200000000000001,88.11458333333333,"FAILED_OVERTIME",12.447272727300003,16.447272727300003,371.9915631457,388.438835873
"AFTER",182179,"promotion-745",0,633.519629468,924,1020,2304,28,19,28,19,22.96,20,14.800000000000013,100,"SUCCESS",0,0,"",""
"AFTER",182179,"promotion-1196",1,1076.5315608294,1644,1740,4608,43,34,43,34,43,40,7.499999999999996,89.58333333333334,"FAILED_OVERTIME",11.162790697700075,15.162790697700075,1172.5315608294,1187.6943515271
"AFTER",182179,"promotion-1536",1,1408.9044361504,2184,2280,4608,58,49,58,49,58,40,44.99999999999999,100,"SUCCESS",0,0,"",""
"AFTER",182179,"promotion-1928",2,1833.8848965821,2904,3000,9216,84,74,84,74,84,80,5.000000000000004,87.5,"FAILED_OVERTIME",13.714285714299876,17.714285714299876,1929.8848965821,1947.5991822964
"AFTER",182179,"promotion-2174",2,2173.6642505582,3444,3540,9216,100,90,100,90,100,80,25,100,"SUCCESS",0,0,"",""
"AFTER",182179,"promotion-3290",3,3450.5918306245,5604,5700,18432,163,156,163,156,163,160,1.8750000000000044,84.89583333333334,"FAILED_OVERTIME",17.079754601199966,21.079754601199966,3546.5918306245,3567.6715852257
"AFTER",190098,"promotion-537",0,398.0693283645,564,660,2304,23,14,23,14,23,20,14.999999999999991,95.83333333333334,"FAILED_OVERTIME",4.173913043499965,8.173913043500022,494.0693283645,502.243241408
"AFTER",190098,"promotion-945",0,752.1728507655,1104,1200,2304,30,20,30,20,24.6,20,23,100,"SUCCESS",0,0,"",""
"AFTER",190098,"promotion-1260",1,1086.7165415695,1644,1740,4608,42,32,42,32,30.24,40,-24.4,80.99218749999996,"FAILED_OVERTIME",20.854285714299976,24.854285714300204,1182.7165415695,1207.5708272838
"AFTER",190098,"promotion-1557",1,1427.687954471,2184,2280,4608,56,47,56,47,45.92,40,14.800000000000013,100,"SUCCESS",0,0,"",""
"AFTER",190098,"promotion-1911",2,1864.3330161013,2904,3000,9216,84,74,84,74,84,80,5.000000000000004,87.5,"FAILED_OVERTIME",13.714285714299876,17.714285714299876,1960.3330161013,1978.0473018156
"AFTER",190098,"promotion-2143",2,2212.4879873365,3444,3540,9216,96,87,96,87,96,80,19.999999999999996,100,"SUCCESS",0,0,"",""
"AFTER",190098,"promotion-3051",3,3268.0429262752,5244,5340,18432,161,154,161,154,144.9,160,-9.437499999999998,81.23372395833331,"FAILED_OVERTIME",21.484472049700344,25.48447204969989,3364.0429262752,3389.5273983249
"AFTER",198017,"promotion-364",0,275.2255439392,384,480,2304,22,12,22,12,19.8,20,-1.0000000000000009,83.64583333333374,"FAILED_OVERTIME",17.12727272730001,21.12727272730001,371.2255439392,392.3528166665
"AFTER",198017,"promotion-649",0,633.1924166341,924,1020,2304,30,20,30,20,30,20,50,100,"SUCCESS",0,0,"",""
"AFTER",198017,"promotion-868",1,848.4457499674,1284,1380,4608,40,31,40,31,40,40,0,83.33333333333334,"FAILED_OVERTIME",19.200000000000045,23.199999999999932,944.4457499674,967.6457499674
"AFTER",198017,"promotion-1137",1,1187.3088805938,1824,1920,4608,56,47,56,47,50.4,40,26,100,"SUCCESS",0,0,"",""
"AFTER",198017,"promotion-1512",2,1610.4631816993,2544,2640,9216,91,81,91,81,91,80,13.749999999999996,94.79166666666666,"FAILED_OVERTIME",5.274725274699904,9.274725274699904,1706.4631816993,1715.737906974
"AFTER",198017,"promotion-1791",2,1931.1229407347,3084,3180,9216,108,99,108,99,108,80,35.00000000000001,100,"SUCCESS",0,0,"",""
"AFTER",198017,"promotion-2972",3,3187.0770346447,5244,5340,18432,160,153,160,153,124.80000000000001,160,-21.999999999999996,80.10416666666667,"FAILED_OVERTIME",22.920000000000073,26.920000000000073,3283.0770346447,3309.9970346447
"AFTER",198017,"promotion-3189",3,3528.9989934677,5784,5880,18432,165,157,165,157,148.5,160,-7.187500000000002,"","",0,0,"",""
"AFTER",205936,"promotion-77",0,140.0833333333,204,300,2304,24,14,24,14,19.68,20,-1.6000000000000014,92.68749999999994,"FAILED_OVERTIME",7.019999999999982,11.019999999999982,236.0833333333,247.1033333333
"AFTER",205936,"promotion-344",0,494.7199467059,744,840,2304,31,22,31,22,31,20,55.00000000000001,100,"SUCCESS",0,0,"",""
"AFTER",205936,"promotion-655",1,818.8266713471,1284,1380,4608,40,31,40,31,36,40,-9.999999999999998,79.16666666666666,"FAILED_OVERTIME",24,28,914.8266713471,942.8266713471
"AFTER",205936,"promotion-950",1,1165.6808000784,1824,1920,4608,52,42,52,42,46.800000000000004,40,17.000000000000014,100,"SUCCESS",0,0,"",""
"AFTER",205936,"promotion-1247",2,1589.4890168208,2544,2640,9216,83,73,83,73,74.7,80,-6.624999999999992,78.89322916666706,"FAILED_OVERTIME",23.436144578300173,27.436144578299945,1685.4890168208,1712.9251613991
"AFTER",205936,"promotion-1563",2,1930.9680737476,3084,3180,9216,98,89,98,89,80.36,80,0.44999999999999485,98.0638020833333,"FAILED_OVERTIME",1.8208163264998802,5.82081632649988,2026.9680737476,2032.7888900741
"AFTER",205936,"promotion-1797",2,2254.7013714352,3624,3720,9216,112,103,112,103,100.8,80,26,100,"SUCCESS",0,0,"",""
"AFTER",205936,"promotion-2733",3,3102.4390153372,5064,5160,18432,162,154,162,154,162,160,1.2499999999999956,84.375,"FAILED_OVERTIME",17.77777777780011,21.77777777780011,3198.4390153372,3220.216793115
"AFTER",205936,"promotion-2981",3,3445.8589178964,5604,5700,18432,168,160,168,160,168,160,5.000000000000004,87.5,"FAILED_OVERTIME",13.714285714299876,17.71428571430033,3541.8589178964,3559.5732036107
"AFTER",213855,"promotion-80",0,140.0833333333,204,300,2304,24,14,24,14,21.6,20,8.000000000000007,94.99999999999987,"FAILED_OVERTIME",4.800000000000011,8.799999999999983,236.0833333333,244.8833333333
"AFTER",213855,"promotion-303",0,499.2638596491,744,840,2304,35,25,35,25,35,20,75,100,"SUCCESS",0,0,"",""
"AFTER",213855,"promotion-548",1,715.4624676067,1104,1200,4608,40,31,40,31,40,40,0,83.33333333333334,"FAILED_OVERTIME",19.200000000000045,23.200000000000045,811.4624676067,834.6624676067
"AFTER",213855,"promotion-834",1,1064.2645845489,1644,1740,4608,51,42,51,42,51,40,27.499999999999993,100,"SUCCESS",0,0,"",""
"AFTER",213855,"promotion-1179",2,1499.7859441056,2364,2460,9216,83,74,83,74,74.7,80,-6.624999999999992,82.1354166666668,"FAILED_OVERTIME",19.83614457829981,23.836144578300036,1595.7859441056,1619.6220886839
"AFTER",213855,"promotion-1466",2,1846.1356508295,2904,3000,9216,103,94,103,94,103,80,28.750000000000007,100,"SUCCESS",0,0,"",""
"AFTER",213855,"promotion-2499",3,2911.4982059356,4704,4800,18432,161,154,161,154,144.9,160,-9.437499999999998,81.23372395833331,"FAILED_OVERTIME",21.484472049700344,25.484472049700344,3007.4982059356,3032.9826779853
"AFTER",213855,"promotion-2695",3,3253.7044878921,5244,5340,18432,166,158,166,158,119.52,160,-25.3,75.48893229166708,"FAILED_OVERTIME",27.216144578300373,31.216144578299918,3349.7044878921,3380.9206324704
"AFTER",221774,"promotion-507",0,391.5249504737,564,660,2304,25,16,25,16,25,20,25,100,"SUCCESS",0,0,"",""
"AFTER",221774,"promotion-1025",1,946.594374434,1464,1560,4608,43,34,43,34,43,40,7.499999999999996,89.58333333333334,"FAILED_OVERTIME",11.162790697700075,15.162790697700075,1042.594374434,1057.7571651317
"AFTER",221774,"promotion-1372",1,1280.6419936166,2004,2100,4608,58,49,58,49,52.2,40,30.500000000000014,100,"SUCCESS",0,0,"",""
"AFTER",221774,"promotion-1648",2,1607.1414717323,2544,2640,9216,83,73,83,73,74.7,80,-6.624999999999992,83.75651041666666,"FAILED_OVERTIME",18.03614457830008,22.036144578299854,1703.1414717323,1725.1776163106
"AFTER",221774,"promotion-1886",2,1959.2639315889,3084,3180,9216,101,92,101,92,90.9,80,13.624999999999998,100,"SUCCESS",0,0,"",""
"AFTER",221774,"promotion-2987",3,3118.508783851,5064,5160,18432,161,153,161,153,161,160,0.6250000000000089,83.85416666666666,"FAILED_OVERTIME",18.484472049700344,22.484472049700344,3214.508783851,3236.9932559007
"AFTER",221774,"promotion-3281",3,3453.4350689985,5604,5700,18432,166,159,166,159,166,160,3.750000000000009,86.45833333333334,"FAILED_OVERTIME",15.036144578300082,19.03614457830008,3549.4350689985,3568.4712135768
"AFTER",229693,"promotion-251",0,263.3777777777,384,480,2304,25,16,25,16,22.5,20,12.5,100,"SUCCESS",0,0,"",""
"AFTER",229693,"promotion-640",1,715.1261809187,1104,1200,4608,44,34,44,34,44,40,10.000000000000009,91.66666666666666,"FAILED_OVERTIME",8.727272727300033,12.727272727300033,811.1261809187,823.853453646
"AFTER",229693,"promotion-903",1,1052.5320839692,1644,1740,4608,55,46,55,46,45.1,40,12.749999999999995,100,"SUCCESS",0,0,"",""
"AFTER",229693,"promotion-1250",2,1482.4711472859,2364,2460,9216,84,74,84,74,84,80,5.000000000000004,87.5,"FAILED_OVERTIME",13.714285714299876,17.714285714299876,1578.4711472859,1596.1854330002
"AFTER",229693,"promotion-1539",2,1822.910419623,2904,3000,9216,99,90,99,90,89.10000000000001,80,11.375000000000002,97.9687500000001,"FAILED_OVERTIME",1.8909090909000952,5.890909090899868,1918.910419623,1924.8013287139
"AFTER",229693,"promotion-1842",2,2145.7073601652,3444,3540,9216,113,106,113,106,113,80,41.25000000000001,100,"SUCCESS",0,0,"",""
"AFTER",229693,"promotion-2973",3,3306.6643675808,5424,5520,18432,162,154,162,154,132.84,160,-16.974999999999994,83.900390625,"FAILED_OVERTIME",18.317777777800075,22.317777777800075,3402.6643675808,3424.9821453586
