seed,rank,attempts,retries
42,0,2,1
42,1,2,1
42,2,2,1
42,3,2,1
7961,0,1,0
7961,1,2,1
7961,2,3,2
7961,3,2,1
15880,0,1,0
15880,1,3,2
15880,2,2,1
15880,3,2,1
23799,0,1,0
23799,1,2,1
23799,2,2,1
23799,3,2,1
31718,0,2,1
31718,1,2,1
31718,2,2,1
31718,3,1,0
39637,0,2,1
39637,1,2,1
39637,2,3,2
39637,3,1,0
47556,0,1,0
47556,1,2,1
47556,2,2,1
47556,3,3,2
55475,0,2,1
55475,1,2,1
55475,2,2,1
55475,3,1,0
63394,0,2,1
63394,1,2,1
63394,2,2,1
63394,3,1,0
71313,0,3,2
71313,1,2,1
71313,2,2,1
71313,3,0,0
79232,0,1,0
79232,1,2,1
79232,2,3,2
79232,3,1,0
87151,0,2,1
87151,1,2,1
87151,2,2,1
87151,3,2,1
95070,0,1,0
95070,1,3,2
95070,2,3,2
95070,3,2,1
102989,0,1,0
102989,1,1,0
102989,2,2,1
102989,3,3,2
110908,0,1,0
110908,1,2,1
110908,2,2,1
110908,3,2,1
118827,0,1,0
118827,1,2,1
118827,2,2,1
118827,3,2,1
126746,0,2,1
126746,1,2,1
126746,2,3,2
126746,3,0,0
134665,0,1,0
134665,1,2,1
134665,2,3,2
134665,3,2,1
142584,0,2,1
142584,1,2,1
142584,2,3,2
142584,3,1,0
150503,0,2,1
150503,1,2,1
150503,2,2,1
150503,3,2,1
158422,0,2,1
158422,1,2,1
158422,2,3,2
158422,3,1,0
166341,0,1,0
166341,1,2,1
166341,2,2,1
166341,3,2,1
174260,0,2,1
174260,1,2,1
174260,2,2,1
174260,3,1,0
182179,0,2,1
182179,1,2,1
182179,2,2,1
182179,3,1,0
190098,0,2,1
190098,1,2,1
190098,2,2,1
190098,3,1,0
198017,0,2,1
198017,1,2,1
198017,2,2,1
198017,3,2,1
205936,0,2,1
205936,1,2,1
205936,2,3,2
205936,3,2,1
213855,0,2,1
213855,1,2,1
213855,2,2,1
213855,3,2,1
221774,0,1,0
221774,1,2,1
221774,2,2,1
221774,3,2,1
229693,0,1,0
229693,1,2,1
229693,2,3,2
229693,3,1,0
