version,seed,rank,realSeconds
"BEFORE",42,0,0
"BEFORE",42,1,2653.2513840833
"AFTER",42,0,0
"AFTER",42,1,846.67749962
"AFTER",42,2,1627.6087520878
"AFTER",42,3,2290.2053533453
"BEFORE",7961,0,0
"BEFORE",7961,1,2861.6082697235
"AFTER",7961,0,0
"AFTER",7961,1,358.9606060606
"AFTER",7961,2,1151.0784728435
"AFTER",7961,3,2238.4161225313
"BEFORE",15880,0,0
"BEFORE",15880,1,2536.0339036907
"AFTER",15880,0,0
"AFTER",15880,1,358.0666666666
"AFTER",15880,2,1470.398081227
"AFTER",15880,3,2021.1788060823
"AFTER",23799,0,0
"AFTER",23799,1,486.6320473897
"AFTER",23799,2,1277.7163856951
"AFTER",23799,3,2047.070296596
"AFTER",31718,0,0
"AFTER",31718,1,845.6783795937
"AFTER",31718,2,1626.5299569945
"AFTER",31718,3,2394.1611879059
"AFTER",39637,0,0
"AFTER",39637,1,832.7415830462
"AFTER",39637,2,1505.8075417624
"AFTER",39637,3,2484.7144147939
"AFTER",47556,0,0
"AFTER",47556,1,365.9640215275
"AFTER",47556,2,1162.5097522324
"AFTER",47556,3,1720.9174311506
"AFTER",55475,0,0
"AFTER",55475,1,853.8169262849
"AFTER",55475,2,1531.8909839751
"AFTER",55475,3,2292.1927967809
"AFTER",63394,0,0
"AFTER",63394,1,722.6899525764
"AFTER",63394,2,1412.8953472672
"AFTER",63394,3,2192.532604409
"AFTER",71313,0,0
"AFTER",71313,1,1193.7955475302
"AFTER",71313,2,1871.8871482496
"AFTER",71313,3,2633.1212718272
"AFTER",79232,0,0
"AFTER",79232,1,487.228255978
"AFTER",79232,2,1258.8512684379
"AFTER",79232,3,2246.6487151361
"AFTER",87151,0,0
"AFTER",87151,1,589.9377588708
"AFTER",87151,2,1254.5680378252
"AFTER",87151,3,2010.9769407681
"AFTER",95070,0,0
"AFTER",95070,1,237.5310185185
"AFTER",95070,2,1231.8434256095
"AFTER",95070,3,2119.4003526503
"AFTER",102989,0,0
"AFTER",102989,1,236.0833333333
"AFTER",102989,2,913.1112332266
"AFTER",102989,3,1786.0562252761
"AFTER",110908,0,0
"AFTER",110908,1,484.3569050327
"AFTER",110908,2,1383.8054178397
"AFTER",110908,3,2025.5828920858
"AFTER",118827,0,0
"AFTER",118827,1,486.6138267844
"AFTER",118827,2,1168.6661050894
"AFTER",118827,3,1912.9191415768
"AFTER",126746,0,0
"AFTER",126746,1,855.958647316
"AFTER",126746,2,1533.4692866472
"AFTER",126746,3,2627.8749266417
"AFTER",134665,0,0
"AFTER",134665,1,490.7001828703
"AFTER",134665,2,1163.1729496321
"AFTER",134665,3,2255.5422440316
"AFTER",142584,0,0
"AFTER",142584,1,842.3947881317
"AFTER",142584,2,1524.791582256
"AFTER",142584,3,2512.6458704944
"AFTER",150503,0,0
"AFTER",150503,1,734.5129037219
"AFTER",150503,2,1526.7560077262
"AFTER",150503,3,2196.7337102641
"AFTER",158422,0,0
"AFTER",158422,1,723.3948142537
"AFTER",158422,2,1621.2510462529
"AFTER",158422,3,2597.5560543964
"AFTER",166341,0,0
"AFTER",166341,1,483.8939393939
"AFTER",166341,2,1267.3618475094
"AFTER",166341,3,2024.7050049072
"AFTER",174260,0,0
"AFTER",174260,1,849.4642841935
"AFTER",174260,2,1516.1757872084
"AFTER",174260,3,2375.2206626553
"AFTER",182179,0,0
"AFTER",182179,1,729.519629468
"AFTER",182179,2,1504.9044361504
"AFTER",182179,3,2269.6642505582
"AFTER",190098,0,0
"AFTER",190098,1,848.1728507655
"AFTER",190098,2,1523.687954471
"AFTER",190098,3,2308.4879873365
"AFTER",198017,0,0
"AFTER",198017,1,729.1924166341
"AFTER",198017,2,1283.3088805938
"AFTER",198017,3,2027.1229407347
"AFTER",205936,0,0
"AFTER",205936,1,590.7199467059
"AFTER",205936,2,1261.6808000784
"AFTER",205936,3,2350.7013714352
"AFTER",213855,0,0
"AFTER",213855,1,595.2638596491
"AFTER",213855,2,1160.2645845489
"AFTER",213855,3,1942.1356508295
"AFTER",221774,0,0
"AFTER",221774,1,487.5249504737
"AFTER",221774,2,1376.6419936166
"AFTER",221774,3,2055.2639315889
"AFTER",229693,0,0
"AFTER",229693,1,359.3777777777
"AFTER",229693,2,1148.5320839692
"AFTER",229693,3,2241.7073601652
