policy,timing,runs,R4ReachPercent,firstR4Median,prestigeCountMedian,promotionAttempts,promotionFailures,promotionFailureRate,grossPerMinute,completedWorkPerDay,averageTodo,averageDueToday,averageOverdue,finalTodo,peakTodo,finalOverdue,peakOverdue,sleepRatioMean,bossWorkSecondsPerDay,meetingSecondsPerDay,clarityEarned,clarityTotal,netIncome,final.efficiency,final.quality,final.flattery,final.lifeManagement,final.slacking,permanent.workEfficiency,permanent.workQuality,permanent.workReward,permanent.lifeManagement,permanent.lunchOutput,permanent.projectReward,permanent.bossTaskReward,permanent.startingMoney,eligibleGapMedian,actualGapMedian,firstPrestigeMedian,runLengthMedian,completedPrestigeRuns
PROMOTE_ASAP_BALANCED,NEVER,30,100,19.836520151528333,0,120,0,0,24503.53361111111,10.860555555555555,9.012141637188869,0.9633069003739612,0.02214364032066372,9.7,26.9,0,7.466666666666667,0.9968909462533762,0.05279632042458607,0.5972222222222222,0,0,100708.93333333333,248,247.5,0,0,0,0,0,0,0,0,0,0,0,10.163479848471667,,,,0
PROMOTE_ASAP_BALANCED,AS_SOON_AS_ELIGIBLE,30,100,19.836520151528333,12,1440,0,0,18908.54546296296,10.99101851851852,8.362486273584667,0.8515796947716449,0.014952676813885492,0,27.366666666666667,0,6.766666666666667,0.9928697361869924,0.0660684864105001,0.4488888888888889,838.8333333333334,135.8,62866.9,0,0,0,0,0,4,4,4,0,0,0,0,4,10.163479848471667,10.163479848471667,30,30,360
PROMOTE_ASAP_BALANCED,TARGET_30_MIN,30,100,19.836520151528333,12,1440,0,0,18908.54546296296,10.99101851851852,8.362486273584667,0.8515796947716449,0.014952676813885492,0,27.366666666666667,0,6.766666666666667,0.9928697361869924,0.0660684864105001,0.4488888888888889,838.8333333333334,135.8,62866.9,0,0,0,0,0,4,4,4,0,0,0,0,4,10.163479848471667,10.163479848471667,30,30,360
PROMOTE_ASAP_BALANCED,TARGET_60_MIN,30,100,19.836520151528333,6,720,0,0,22934.015,10.84361111111111,8.679515692891927,0.9249968651400164,0.018445835469602,0,26.8,0,7.2,0.9946609266701324,0.0600135470096291,0.5133333333333333,470.4,53,77578.26666666666,0,0,0,0,0,4,4,3,0,0,0,0,3,10.163479848471667,40.16347984847167,60,60,180
PROMOTE_ASAP_BALANCED,TARGET_120_MIN,30,100,19.836520151528333,3,360,0,0,24487.46888888889,10.689074074074075,8.890369730802677,0.958566242804091,0.025703840842805727,0,27.566666666666666,0,7.833333333333333,0.9951795418823441,0.06452689215718553,0.5519444444444446,260.6666666666667,41.86666666666667,87579.16666666667,0,0,0,0,0,3,3,3,0,0,0,0,3,10.163479848471667,100.16347984847167,120,120,90
PROMOTE_ASAP_BALANCED,TARGET_180_MIN,30,100,19.836520151528333,2,240,0,0,24707.73592592593,10.684814814814814,8.927370916518347,0.9631842835155152,0.025589758800140743,0,26.866666666666667,0,7.833333333333333,0.9960341928774131,0.057338425646307936,0.5727777777777778,198.73333333333332,17.133333333333333,88159.36666666667,0,0,0,0,0,3,3,3,0,0,0,0,2,10.163479848471667,160.16347984847167,180,180,60
PREPARED_BALANCED,NEVER,30,100,19.824175301143335,0,120,0,0,24811.3625,10.96212962962963,9.030968427945213,0.9407727187113666,0.017846124648956924,10.033333333333333,26.866666666666667,0,7.1,0.9971347509191412,0.05802305977164577,0.5894444444444443,0,0,89835.73333333334,248,248,0,0,0,0,0,0,0,0,0,0,0,10.175824698856665,,,,0
PREPARED_BALANCED,AS_SOON_AS_ELIGIBLE,30,100,19.824175301143335,12,1440,0,0,18778.795833333334,12.09861111111111,8.079538501032355,0.7287594124359927,0.009061261680700157,0,26.133333333333333,0,5.466666666666667,0.9968667205894695,0.05623611638124075,0.4266666666666667,836.5666666666667,125.3,62880.86666666667,2,2,0,0,0,4,4,4,0,0,0,0,4,10.175824698856665,10.175824698856665,30,30,360
PREPARED_BALANCED,TARGET_30_MIN,30,100,19.824175301143335,12,1440,0,0,18778.795833333334,12.09861111111111,8.079538501032355,0.7287594124359927,0.009061261680700157,0,26.133333333333333,0,5.466666666666667,0.9968667205894695,0.05623611638124075,0.4266666666666667,836.5666666666667,125.3,62880.86666666667,2,2,0,0,0,4,4,4,0,0,0,0,4,10.175824698856665,10.175824698856665,30,30,360
PREPARED_BALANCED,TARGET_60_MIN,30,100,19.824175301143335,6,720,0,0,22755.998518518518,11.323148148148148,8.642202612918162,0.8701120586673928,0.021414980571861884,0,26.833333333333332,0,7.533333333333333,0.997056191712376,0.055575522796231486,0.5108333333333334,466.8666666666667,52.6,79008.7,2,2,0,0,0,4,4,3,0,0,0,0,3,10.175824698856665,40.175824698856665,60,60,180
PREPARED_BALANCED,TARGET_120_MIN,30,100,19.824175301143335,3,360,0,0,24539.495370370372,10.944074074074074,8.899654592360616,0.9252199594107381,0.017860819467516047,0,27.466666666666665,0,6.6,0.9971312371695243,0.05714651482948216,0.575,270.7,46.833333333333336,85001.96666666666,2,1,0,0,0,3,3,3,0,0,0,0,3,10.175824698856665,100.17582469885667,120,120,90
PREPARED_BALANCED,TARGET_180_MIN,30,100,19.824175301143335,2,240,0,0,24998.534814814815,10.885,9.028224913036375,0.9531536542698894,0.0188976621592676,0,26.666666666666668,0,6.8,0.9971996290382883,0.06657767928509403,0.5752777777777777,195.53333333333333,21.133333333333333,91724.6,2,1,0,0,0,3,3,3,0,0,0,0,2,10.175824698856665,160.17582469885667,180,180,60
EFFICIENCY_FIRST,NEVER,30,100,17.84516371127667,0,120,0,0,20165.409351851853,12.074351851851851,10.347880572714734,1.89860982368333,0.1395916660505952,10.5,33.86666666666667,0,15.633333333333333,0.9980699890213051,0.05946462025188693,0.5972222222222222,0,0,173624.4,260,45,0,0,0,0,0,0,0,0,0,0,0,12.154836288723333,,,,0
EFFICIENCY_FIRST,AS_SOON_AS_ELIGIBLE,30,100,17.84516371127667,12,1440,0,0,16139.82537037037,13.738611111111112,9.1541870882017,1.24986822874828,0.05986875807242823,0,30.666666666666668,0,12.1,0.9979444959548446,0.059162160383583365,0.45888888888888885,867.6666666666666,90.53333333333333,106847.8,3,1,0,0,0,5,4,4,0,0,0,0,4,12.154836288723333,12.154836288723333,30,30,360
EFFICIENCY_FIRST,TARGET_30_MIN,30,100,17.84516371127667,12,1440,0,0,16139.82537037037,13.738611111111112,9.1541870882017,1.24986822874828,0.05986875807242823,0,30.666666666666668,0,12.1,0.9979444959548446,0.059162160383583365,0.45888888888888885,867.6666666666666,90.53333333333333,106847.8,3,1,0,0,0,5,4,4,0,0,0,0,4,12.154836288723333,12.154836288723333,30,30,360
EFFICIENCY_FIRST,TARGET_60_MIN,30,100,17.84516371127667,6,720,0,0,19215.046574074073,12.56962962962963,9.722870454267754,1.5618416701052924,0.10451400210513996,0,31.533333333333335,0,13.8,0.998221685245952,0.06626347866185227,0.5094444444444445,506.7,45.43333333333333,140264.53333333333,3,1,0,0,0,4,4,4,0,0,0,0,3,12.154836288723333,42.15483628872333,60,60,180
EFFICIENCY_FIRST,TARGET_120_MIN,30,100,17.84516371127667,3,360,0,0,20108.293055555554,12.026574074074073,10.137902051413283,1.7722480788667008,0.14797348737204968,0,33.4,0,14.666666666666666,0.9980618196519603,0.0658196089858434,0.5547222222222222,281.7,50.36666666666667,164025.1,0,3,0,0,0,3,3,3,0,0,0,0,3,12.154836288723333,102.15483628872333,120,120,90
EFFICIENCY_FIRST,TARGET_180_MIN,30,100,17.84516371127667,2,240,0,0,20490.53916666667,12.108796296296298,10.150662207784709,1.7994350058247794,0.13478095779040175,0,33.166666666666664,0,14.633333333333333,0.9981451997210444,0.06161745291303828,0.5691666666666666,200.76666666666668,17.966666666666665,151841.36666666667,0,3,0,0,0,3,3,3,0,0,0,0,2,12.154836288723333,162.15483628872335,180,180,60
QUALITY_FIRST,NEVER,30,100,19.8342456877575,0,120,0,0,13756.796481481482,5.955925925925926,8.810533262157593,1.150528100918047,0.051235724796439834,8.733333333333333,22.166666666666668,0,6.433333333333334,0.9544683935149592,0.11688680973168426,0.5825,0,0,120425.93333333333,70,249,0,0,0,0,0,0,0,0,0,0,0,10.1657543122425,,,,0
QUALITY_FIRST,AS_SOON_AS_ELIGIBLE,30,100,19.8342456877575,12,1440,0,0,12016.830648148147,9.655925925925926,8.121776339992373,0.7776651213858635,0.007411110980255249,0,23.766666666666666,0,4.1,0.9855779467636909,0.07318546227063902,0.43027777777777776,705.4333333333333,109.43333333333334,79783.56666666667,0,4,0,0,0,4,4,4,0,0,0,0,4,10.1657543122425,10.1657543122425,30,30,360
QUALITY_FIRST,TARGET_30_MIN,30,100,19.8342456877575,12,1440,0,0,12016.830648148147,9.655925925925926,8.121776339992373,0.7776651213858635,0.007411110980255249,0,23.766666666666666,0,4.1,0.9855779467636909,0.07318546227063902,0.43027777777777776,705.4333333333333,109.43333333333334,79783.56666666667,0,4,0,0,0,4,4,4,0,0,0,0,4,10.1657543122425,10.1657543122425,30,30,360
QUALITY_FIRST,TARGET_60_MIN,30,100,19.8342456877575,6,720,0,0,14904.662222222223,8.11425925925926,8.596362359849033,0.9267372136401473,0.017775415833091054,0,23.6,0,5.566666666666666,0.9787875573710113,0.08124131398645318,0.5225000000000001,410.8333333333333,49.833333333333336,105288.5,0,3,0,0,0,4,3.5,3,0,0,0,0,3,10.1657543122425,40.1657543122425,60,60,180
QUALITY_FIRST,TARGET_120_MIN,30,100,19.8342456877575,3,360,0,0,15295.022777777778,7.139444444444445,8.725240593205292,1.0152270460769268,0.02714300401354278,0,22.7,0,5.866666666666666,0.9712767848479946,0.0985413291631208,0.5486111111111112,221.06666666666666,23.866666666666667,110886.8,0,3,0,0,0,3,3,3,0,0,0,0,2.5,10.1657543122425,100.1657543122425,120,120,90
QUALITY_FIRST,TARGET_180_MIN,30,100,19.8342456877575,2,240,0,0,15004.356944444444,6.614814814814816,8.848329508890833,1.074002358650479,0.038290265023988454,0,23.1,0,6.533333333333333,0.9656421917490223,0.10362865363529496,0.5694444444444445,160.2,18.2,121207.16666666667,0,3,0,0,0,3,3,2,0,0,0,0,2,10.1657543122425,160.16575431224248,180,180,60
ALL_ROUNDER,NEVER,30,100,28.814419191919164,0,120,0,0,74284.26805555556,11.160925925925927,9.140135099948923,0.9787455965075978,0.02368314918018686,10.2,27.766666666666666,0,7.266666666666667,0.9963266295026535,0.7040414457046905,0.726111111111111,0,0,123784.93333333333,249,248.5,248,248,248,0,0,0,0,0,0,0,0,1.185580808080834,,,,0
ALL_ROUNDER,AS_SOON_AS_ELIGIBLE,30,86.66666666666667,27.83525390905,12,1436,0,0,32626.39990740741,12.729537037037037,7.7994358772287695,0.6726329015191984,0.010113254663005401,0,26.7,0,5.933333333333334,0.9945304351000335,0.4070421086990372,0.5347222222222222,1178.7666666666667,121.7,42689.53333333333,1,1,0,1,1,5,5,4,0,0,0,0,4,2.1647460909500005,2.1647460909500005,30,30,360
ALL_ROUNDER,TARGET_30_MIN,30,86.66666666666667,27.83525390905,12,1436,0,0,32626.39990740741,12.729537037037037,7.7994358772287695,0.6726329015191984,0.010113254663005401,0,26.7,0,5.933333333333334,0.9945304351000335,0.4070421086990372,0.5347222222222222,1178.7666666666667,121.7,42689.53333333333,1,1,0,1,1,5,5,4,0,0,0,0,4,2.1647460909500005,2.1647460909500005,30,30,360
ALL_ROUNDER,TARGET_60_MIN,30,100,28.814419191919164,6,720,0,0,57090.0712962963,11.711388888888887,8.465497657003844,0.8322422419814249,0.0190977529930162,0,27.7,0,7.333333333333333,0.9952865725992253,0.5282233339373238,0.6563888888888889,758.4333333333333,132.63333333333333,81044.43333333333,1,1,0,1,1,4,4,4,0,0,0,0,4,1.185580808080834,31.185580808080836,60,60,180
ALL_ROUNDER,TARGET_120_MIN,30,100,28.814419191919164,3,360,0,0,68416.66407407407,11.151203703703704,8.987098493059136,0.9550180706367956,0.02806411119825942,0,27.6,0,7.8,0.995788938215031,0.6025684656730259,0.6919444444444445,426.8666666666667,40.8,104538.46666666666,1,1,0,1,0,4,4,3,0,0,0,0,3,1.185580808080834,91.18558080808083,120,120,90
ALL_ROUNDER,TARGET_180_MIN,30,100,28.814419191919164,2,240,0,0,71525.98796296297,10.926574074074074,9.086725158825375,0.9838595098036256,0.03322813807464813,0,27.366666666666667,0,8.466666666666667,0.9960942443341423,0.6285014848344873,0.728611111111111,329.03333333333336,46.36666666666667,105338.63333333333,1,1,0,1,0,4,3,3,0,0,0,0,3,1.185580808080834,151.18558080808083,180,180,60
