candidate,samples,ability,reached,P10,P50,P90
A-G1.040-C2,10,efficiency,0,,,
A-G1.040-C2,10,quality,0,,,
A-G1.040-C2,10,flattery,0,,,
A-G1.040-C2,10,lifeManagement,0,,,
A-G1.040-C2,10,slacking,0,,,
A-G1.040-C3,10,efficiency,0,,,
A-G1.040-C3,10,quality,0,,,
A-G1.040-C3,10,flattery,0,,,
A-G1.040-C3,10,lifeManagement,0,,,
A-G1.040-C3,10,slacking,0,,,
A-G1.040-C3,30,efficiency,0,,,
A-G1.040-C3,30,quality,0,,,
A-G1.040-C3,30,flattery,0,,,
A-G1.040-C3,30,lifeManagement,0,,,
A-G1.040-C3,30,slacking,0,,,
A-G1.042-C2,10,efficiency,0,,,
A-G1.042-C2,10,quality,0,,,
A-G1.042-C2,10,flattery,0,,,
A-G1.042-C2,10,lifeManagement,0,,,
A-G1.042-C2,10,slacking,0,,,
A-G1.042-C3,10,efficiency,0,,,
A-G1.042-C3,10,quality,0,,,
A-G1.042-C3,10,flattery,0,,,
A-G1.042-C3,10,lifeManagement,0,,,
A-G1.042-C3,10,slacking,0,,,
A-G1.042-C3,30,efficiency,0,,,
A-G1.042-C3,30,quality,0,,,
A-G1.042-C3,30,flattery,0,,,
A-G1.042-C3,30,lifeManagement,0,,,
A-G1.042-C3,30,slacking,0,,,
A-G1.045-C2,10,efficiency,0,,,
A-G1.045-C2,10,quality,0,,,
A-G1.045-C2,10,flattery,0,,,
A-G1.045-C2,10,lifeManagement,0,,,
A-G1.045-C2,10,slacking,0,,,
A-G1.045-C3,10,efficiency,0,,,
A-G1.045-C3,10,quality,0,,,
A-G1.045-C3,10,flattery,0,,,
A-G1.045-C3,10,lifeManagement,0,,,
A-G1.045-C3,10,slacking,0,,,
A-G1.045-C3,30,efficiency,0,,,
A-G1.045-C3,30,quality,0,,,
A-G1.045-C3,30,flattery,0,,,
A-G1.045-C3,30,lifeManagement,0,,,
A-G1.045-C3,30,slacking,0,,,
B-G1.040-C2,10,efficiency,0,,,
B-G1.040-C2,10,quality,0,,,
B-G1.040-C2,10,flattery,0,,,
B-G1.040-C2,10,lifeManagement,0,,,
B-G1.040-C2,10,slacking,0,,,
B-G1.040-C3,10,efficiency,0,,,
B-G1.040-C3,10,quality,0,,,
B-G1.040-C3,10,flattery,0,,,
B-G1.040-C3,10,lifeManagement,0,,,
B-G1.040-C3,10,slacking,0,,,
B-G1.042-C2,10,efficiency,0,,,
B-G1.042-C2,10,quality,0,,,
B-G1.042-C2,10,flattery,0,,,
B-G1.042-C2,10,lifeManagement,0,,,
B-G1.042-C2,10,slacking,0,,,
B-G1.042-C3,10,efficiency,0,,,
B-G1.042-C3,10,quality,0,,,
B-G1.042-C3,10,flattery,0,,,
B-G1.042-C3,10,lifeManagement,0,,,
B-G1.042-C3,10,slacking,0,,,
B-G1.045-C2,10,efficiency,0,,,
B-G1.045-C2,10,quality,0,,,
B-G1.045-C2,10,flattery,0,,,
B-G1.045-C2,10,lifeManagement,0,,,
B-G1.045-C2,10,slacking,0,,,
B-G1.045-C3,10,efficiency,0,,,
B-G1.045-C3,10,quality,0,,,
B-G1.045-C3,10,flattery,0,,,
B-G1.045-C3,10,lifeManagement,0,,,
B-G1.045-C3,10,slacking,0,,,
