baseGrowth,level,ability,nextCost
1.04,200,efficiency,916896
1.04,200,quality,1039149
1.04,200,flattery,1436471
1.04,200,lifeManagement,1161402
1.04,200,slacking,1314218
1.04,300,efficiency,337959221
1.04,300,quality,383020451
1.04,300,flattery,529469447
1.04,300,lifeManagement,428081680
1.04,300,slacking,484408217
1.04,500,efficiency,45914827945515
1.04,500,quality,52036805004917
1.04,500,flattery,71933230447974
1.04,500,lifeManagement,58158782064319
1.04,500,slacking,65811253388572
1.04,1000,efficiency,312373809157263948827852800
1.04,1000,quality,354023650378232452431740928
1.04,1000,flattery,489385634346380209403461632
1.04,1000,lifeManagement,395673491599200956035629056
1.04,1000,slacking,447735793125411705799573504
1.042,200,efficiency,1346468
1.042,200,quality,1525997
1.042,200,flattery,2109466
1.042,200,lifeManagement,1705526
1.042,200,slacking,1929937
1.042,300,efficiency,601420462
1.042,300,quality,681609857
1.042,300,flattery,942225391
1.042,300,lifeManagement,761799252
1.042,300,slacking,862035996
1.042,500,efficiency,119989375668453
1.042,500,quality,135987959090913
1.042,500,flattery,187983355213910
1.042,500,lifeManagement,151986542513374
1.042,500,slacking,171984771791449
1.042,1000,efficiency,2133311518277796472014503936
1.042,1000,quality,2417753054048169096722251776
1.042,1000,flattery,3342188045301880745497722880
1.042,1000,lifeManagement,2702194589818541996307906560
1.042,1000,slacking,3057746509531508395667881984
1.045,200,efficiency,2392821
1.045,200,quality,2711864
1.045,200,flattery,3748753
1.045,200,lifeManagement,3030907
1.045,200,slacking,3429711
1.045,300,efficiency,1424786019
1.045,300,quality,1614757489
1.045,300,flattery,2232164763
1.045,300,lifeManagement,1804728958
1.045,300,slacking,2042193294
1.045,500,efficiency,505159512413651
1.045,500,quality,572514114068805
1.045,500,flattery,791416569448053
1.045,500,lifeManagement,639868715723958
1.045,500,slacking,724061967792900
1.045,1000,efficiency,37811661541533158500571545600
1.045,1000,quality,42853216413737573769919070208
1.045,1000,flattery,59238269748401945385531080704
1.045,1000,lifeManagement,47894771285941997835359617024
1.045,1000,slacking,54196714876197521320090533888
