candidate,samples,r4Reached,r4Censored,R1P10Minutes,R1P50Minutes,R1P90Minutes,R2P10Minutes,R2P50Minutes,R2P90Minutes,R3P10Minutes,R3P50Minutes,R3P90Minutes,R4P10Minutes,R4P50Minutes,R4P90Minutes,R0BurstP50,R0LateBurstP50,R0FirstFailurePercent,R1BurstP50,R1LateBurstP50,R1FirstFailurePercent,R2BurstP50,R2LateBurstP50,R2FirstFailurePercent,R3BurstP50,R3LateBurstP50,R3FirstFailurePercent,R4BurstP50,R4LateBurstP50,todoAverage,todoFinalP50,todoPeakP90,dueTodayAverage,dueTodayFinalP50,dueTodayPeakP90,overdueAverage,overdueFinalP50,overduePeakP90,bossOvertimeMeanSeconds,sleepRatioMean,sleepRatioP10
A-G1.040-C2,10,0,10,11.611630955068833,13.806043371954168,17.865258547212164,21.630649785837335,27.98950683360917,30.921602161495333,34.399434200208,42.76365807669667,45.79119371418516,,,,7.5,6.5,90.0,4.25,4.0,100.0,4.0,3.75,100.0,5.75,8.0,100.0,,,8.033205725073234,10.5,25.0,1.2902219459554805,0,15,0.11057631067881396,0,11,13.023980554850064,0.9979705366520434,1
A-G1.040-C3,10,0,10,11.402100842673335,13.854343852811667,17.74819607249833,22.472619136006497,24.762832397441663,28.862399700283003,33.324145365317335,37.56114709287083,40.3377688132445,,,,7.25,6.5,90.0,4.5,3.5,100.0,4.25,4.125,100.0,6.0,8.5,100.0,,,7.112625429695432,7,23.5,0.7978188522031684,0,13,0.05428444429125573,0,5.5,16.678085641400244,0.9991955944949976,1
A-G1.042-C2,10,0,10,11.765246233547835,15.831778489730834,16.108242938496666,24.831997751916504,27.84908250507,32.392312432625,39.367809000472,44.356402281836665,46.082576823045,,,,8.0,7.0,100.0,4.75,4.0,100.0,4.5,4.0,100.0,5.75,7.0,80.0,,,7.738552624541592,6,25.5,1.064453383237063,0,13.0,0.09325706767413064,0,8.0,15.226074725989932,0.998579287042276,1
A-G1.042-C3,10,0,10,12.027832749316,13.802048398380833,13.918064695290667,23.136589518161998,26.621218036125832,27.316855315940497,34.546925842881166,41.735032042966665,44.702878482264,,,,7.5,6.0,100.0,4.5,4.0,90.0,4.25,4.25,100.0,6.5,9.75,100.0,,,6.9493853491565,7.0,23.5,0.6523459788191813,0,13,0.023932273900347453,0,3.5,21.261638167279877,0.9961748641724674,1
A-G1.045-C2,10,0,10,13.585721731935333,15.719462228402499,16.149513055965333,26.726491397933668,27.791063651327498,29.065422058048167,39.585225416181835,45.072959876427504,48.914721649514,,,,8.0,6.75,100.0,4.5,3.75,100.0,4.5,5.0,100.0,6.5,8.25,57.142857142857146,,,7.674723623253857,7,22,1.112732262905128,0,13,0.09652888685990149,0,10.5,16.52226973236007,0.9993743909254182,1
A-G1.045-C3,10,0,10,11.856402967681834,13.791245267826667,14.496547978173165,22.797336089909667,25.15628894098917,30.8202343463605,39.38819456245267,43.43029527034833,45.579483461657674,,,,8.0,7.25,100.0,4.5,4.0,100.0,4.5,4.5,100.0,6.5,9.75,88.88888888888889,,,7.616728431252824,5,24,0.9229604434413442,0.5,14,0.06494344456037224,0,5,19.294281841810022,0.9979177194727755,1
B-G1.040-C2,10,0,10,11.611630955068833,13.806043371954168,17.865258547212164,21.630649785837335,27.98950683360917,30.921602161495333,38.301463805668,44.22717297494917,49.20259576779866,,,,7.5,6.5,90.0,4.25,4.0,100.0,4.0,4.0,100.0,6.25,8.125,66.66666666666667,,,7.715142069997408,4.5,25.0,1.0364984204622183,0,15,0.0938523072760751,0,8.0,16.478677098840187,0.9988026513779868,1
B-G1.040-C3,10,0,10,11.402100842673335,13.854343852811667,17.74819607249833,22.472619136006497,24.762832397441663,28.862399700283003,37.796510564621,42.398185851401664,45.69957841602966,,,,7.25,6.5,90.0,4.5,3.5,100.0,4.25,4.25,100.0,6.5,9.0,100.0,,,6.950233726544154,7,22.0,0.6836634264195021,0,13,0.046038292892775314,0,3.5,20.409024378340305,0.9991454801575689,1
B-G1.042-C2,10,0,10,11.765246233547835,15.831778489730834,16.108242938496666,24.831997751916504,27.84908250507,32.392312432625,45.15305980058934,49.60646109343084,52.024570720743164,,,,8.0,7.0,100.0,4.75,4.0,100.0,4.5,4.75,100.0,6.0,7.75,0.0,,,7.535652309661603,4.5,24.5,0.9414637839129735,0,13.5,0.11069268546889724,0,9.5,17.714614832239615,0.9990820113397084,1
B-G1.042-C3,10,0,10,12.027832749316,13.802048398380833,13.918064695290667,23.136589518161998,26.621218036125832,27.316855315940497,39.22907642268599,44.22391236820916,48.675229771555834,,,,7.5,6.0,100.0,4.5,4.0,90.0,4.25,4.25,100.0,6.75,9.75,66.66666666666667,,,6.686910901037454,4.5,23.5,0.5595442032405668,0,12.5,0.01786087462126941,0,2.5,19.81167574265999,0.998869787034092,1
B-G1.045-C2,10,0,10,13.585721731935333,15.719462228402499,16.149513055965333,26.726491397933668,27.791063651327498,29.065422058048167,47.03208499261601,50.09576219792834,52.93449187793183,,,,8.0,6.75,100.0,4.5,3.75,100.0,4.75,5.5,100.0,6.25,8.25,,,,7.76150191613916,4,21.5,1.1642575212920168,0,11.5,0.10550815047988349,0,10.5,16.19282561082992,0.9991602546654135,1
B-G1.045-C3,10,0,10,11.856402967681834,13.791245267826667,14.496547978173165,22.797336089909667,25.15628894098917,30.8202343463605,42.7076209470355,48.61065758632583,52.9282177262075,,,,8.0,7.25,100.0,4.5,4.0,100.0,5.0,6.0,100.0,7.0,10.0,0.0,,,7.284622015041663,6.5,22.5,0.7579747393618104,0,13.0,0.05523592973410844,0,6.0,19.519799270330218,0.9988688952096212,1
