candidate,samples,rank,burstCount,intervalP10,intervalP50,intervalP90,early25P50,middle50P50,late25P50
A-G1.040-C2,10,0,392,3.25,7.5,42.70000000000002,9.625,6.75,6.5
A-G1.040-C2,10,1,606,2.0,4.25,27.5,5.0,4.0,4.0
A-G1.040-C2,10,2,732,2.0,4.0,22.69999999999999,4.0,4.0,3.75
A-G1.040-C2,10,3,885,2.75,5.75,28.150000000000006,4.75,5.75,8.0
A-G1.040-C2,10,4,0,,,,,,
A-G1.040-C3,10,0,454,3.25,7.25,38.099999999999994,9.75,6.75,6.5
A-G1.040-C3,10,1,621,2.0,4.5,25.5,5.0,4.5,3.5
A-G1.040-C3,10,2,691,2.0,4.25,19.25,4.25,4.0,4.125
A-G1.040-C3,10,3,1094,3.0,6.0,27.25,5.0,6.25,8.5
A-G1.040-C3,10,4,0,,,,,,
A-G1.040-C3,30,0,1258,3.5,7.25,35.75,10.0,6.75,6.0
A-G1.040-C3,30,1,1907,2.0,4.25,24.75,4.75,4.25,3.75
A-G1.040-C3,30,2,2231,2.0,4.0,18.75,4.25,4.0,4.25
A-G1.040-C3,30,3,3295,3.0,6.0,28.0,4.5,6.75,8.75
A-G1.040-C3,30,4,0,,,,,,
A-G1.042-C2,10,0,424,3.5,8.0,40.425,9.75,7.25,7.0
A-G1.042-C2,10,1,585,2.5,4.75,28.0,5.0,4.75,4.0
A-G1.042-C2,10,2,735,2.25,4.5,25.150000000000006,4.5,4.5,4.0
A-G1.042-C2,10,3,875,3.0,5.75,27.25,4.75,6.25,7.0
A-G1.042-C2,10,4,0,,,,,,
A-G1.042-C3,10,0,438,3.5,7.5,38.325,10.375,7.5,6.0
A-G1.042-C3,10,1,701,2.25,4.5,26.0,5.25,4.5,4.0
A-G1.042-C3,10,2,842,2.0,4.25,21.974999999999994,3.75,4.5,4.25
A-G1.042-C3,10,3,958,3.0,6.5,27.400000000000034,4.75,7.0,9.75
A-G1.042-C3,10,4,0,,,,,,
A-G1.042-C3,30,0,1286,3.5,7.5,37.25,10.75,7.25,5.5
A-G1.042-C3,30,1,1938,2.25,4.5,24.5,5.0,4.375,4.0
A-G1.042-C3,30,2,2383,2.0,4.25,21.149999999920055,4.0,4.25,4.5
A-G1.042-C3,30,3,2981,3.0,6.5,29.25,5.0,7.0,9.75
A-G1.042-C3,30,4,0,,,,,,
A-G1.045-C2,10,0,409,3.75,8.0,41.25,10.5,7.25,6.75
A-G1.045-C2,10,1,602,2.25,4.5,25.69999999999999,5.0,4.75,3.75
A-G1.045-C2,10,2,751,2.25,4.5,26.5,4.75,4.25,5.0
A-G1.045-C2,10,3,837,3.0,6.5,27.75,5.0,7.0,8.25
A-G1.045-C2,10,4,0,,,,,,
A-G1.045-C3,10,0,433,3.75,8.0,39.75,12.25,7.25,7.25
A-G1.045-C3,10,1,685,2.5,4.5,26.80000000000001,4.75,4.5,4.0
A-G1.045-C3,10,2,919,2.0,4.5,20.55000000000001,4.75,4.5,4.5
A-G1.045-C3,10,3,874,3.0,6.5,27.42500000000001,4.5,7.375,9.75
A-G1.045-C3,10,4,0,,,,,,
A-G1.045-C3,30,0,1302,3.75,7.75,37.25,10.75,7.25,6.25
A-G1.045-C3,30,1,2072,2.25,4.5,26.25,4.75,4.25,4.0
A-G1.045-C3,30,2,2588,2.25,4.5,22.575000000000045,4.5,4.5,4.75
A-G1.045-C3,30,3,2623,3.0,6.75,28.75,4.75,7.5,9.5
A-G1.045-C3,30,4,0,,,,,,
B-G1.040-C2,10,0,392,3.25,7.5,42.70000000000002,9.625,6.75,6.5
B-G1.040-C2,10,1,606,2.0,4.25,27.5,5.0,4.0,4.0
B-G1.040-C2,10,2,929,2.0,4.0,20.55000000000001,4.0,4.0,4.0
B-G1.040-C2,10,3,890,2.75,6.25,28.30000000000001,4.5,6.75,8.125
B-G1.040-C2,10,4,0,,,,,,
B-G1.040-C3,10,0,454,3.25,7.25,38.099999999999994,9.75,6.75,6.5
B-G1.040-C3,10,1,621,2.0,4.5,25.5,5.0,4.5,3.5
B-G1.040-C3,10,2,988,2.25,4.25,19.400000000000034,4.5,4.0,4.25
B-G1.040-C3,10,3,928,2.75,6.5,28.825000000000017,4.5,7.25,9.0
B-G1.040-C3,10,4,0,,,,,,
B-G1.042-C2,10,0,424,3.5,8.0,40.425,9.75,7.25,7.0
B-G1.042-C2,10,1,585,2.5,4.75,28.0,5.0,4.75,4.0
B-G1.042-C2,10,2,1030,2.25,4.5,25.275000000000006,4.75,4.5,4.75
B-G1.042-C2,10,3,711,2.5,6.0,25.5,4.25,6.5,7.75
B-G1.042-C2,10,4,0,,,,,,
B-G1.042-C3,10,0,438,3.5,7.5,38.325,10.375,7.5,6.0
B-G1.042-C3,10,1,701,2.25,4.5,26.0,5.25,4.5,4.0
B-G1.042-C3,10,2,1076,2.0,4.25,19.125,4.25,4.25,4.25
B-G1.042-C3,10,3,873,3.25,6.75,28.450000000000017,5.5,6.75,9.75
B-G1.042-C3,10,4,0,,,,,,
B-G1.045-C2,10,0,409,3.75,8.0,41.25,10.5,7.25,6.75
B-G1.045-C2,10,1,602,2.25,4.5,25.69999999999999,5.0,4.75,3.75
B-G1.045-C2,10,2,1028,2.25,4.75,26.500000000030013,4.5,4.5,5.5
B-G1.045-C2,10,3,617,2.5,6.25,28.549999999999983,4.25,6.75,8.25
B-G1.045-C2,10,4,0,,,,,,
B-G1.045-C3,10,0,433,3.75,8.0,39.75,12.25,7.25,7.25
B-G1.045-C3,10,1,685,2.5,4.5,26.80000000000001,4.75,4.5,4.0
B-G1.045-C3,10,2,1190,2.25,5.0,23.75,4.75,4.75,6.0
B-G1.045-C3,10,3,644,2.75,7.0,28.5,4.25,8.5,10.0
B-G1.045-C3,10,4,0,,,,,,
