candidate,samples,fromRank,attempts,firstAttemptRuns,firstSuccessPercent,firstFailedOvertimePercent,firstPendingPercent,meanDinnerCompletionPercent,meanRetries,meanCompletedOvertimeProcessing,meanCompletedOvertimeElapsed,completedAttempts
A-G1.040-C2,10,0,27,10,10.0,90.0,0.0,93.11805555555554,1.7,7.45827090784444,9.976789426362961,27
A-G1.040-C2,10,1,29,10,0.0,100.0,0.0,93.75261699507391,1.9,6.678176023603469,9.298865678775867,29
A-G1.040-C2,10,2,34,10,0.0,100.0,0.0,93.28456903594768,2.4,7.200724272447053,10.024253684211725,34
A-G1.040-C2,10,3,29,10,0.0,100.0,0.0,83.13113677536231,1.9,18.776352704625978,22.776352704626117,23
A-G1.040-C3,10,0,21,10,10.0,90.0,0.0,92.38950892857146,1.1,8.28462047270001,10.379858567938092,21
A-G1.040-C3,10,1,21,10,0.0,100.0,0.0,93.6517148526077,1.1,6.916047021361919,9.011285116599982,21
A-G1.040-C3,10,2,23,10,0.0,100.0,0.0,92.88549214975843,1.3,7.836398428100023,10.097267993317345,23
A-G1.040-C3,10,3,29,10,0.0,100.0,0.0,87.75474330357143,1.9,13.452494593853462,17.45249459385356,28
A-G1.040-C3,30,0,62,30,6.666666666666667,93.33333333333333,0.0,93.89432123655915,1.0666666666666667,6.639775838940324,8.70429196797258,62
A-G1.040-C3,30,1,63,30,0.0,100.0,0.0,93.33134920634922,1.1,7.292039071096832,9.387277166334915,63
A-G1.040-C3,30,2,70,30,0.0,100.0,0.0,93.35378224206347,1.3333333333333333,7.2694967073342855,9.555210993048561,70
A-G1.040-C3,30,3,97,30,0.0,100.0,0.0,87.49210069444443,2.2333333333333334,13.587315999311148,17.587315999311226,89
A-G1.042-C2,10,0,29,10,0.0,100.0,0.0,92.94261853448278,1.9,7.618110674941394,10.238800330113794,29
A-G1.042-C2,10,1,28,10,0.0,100.0,0.0,94.22130102040813,1.8,6.139269734857172,8.71069830628571,28
A-G1.042-C2,10,2,34,10,0.0,100.0,0.0,92.68821486928105,2.4,7.967092871255893,10.790622283020566,34
A-G1.042-C2,10,3,19,10,0.0,80.0,20.0,83.38545386904761,0.9,18.990828042530595,22.990828042530772,13
A-G1.042-C3,10,0,20,10,0.0,100.0,0.0,92.14713541666667,1,8.693649350654999,10.693649350654997,20
A-G1.042-C3,10,1,20,10,10.0,90.0,0.0,93.64092261904766,1,6.923716716379988,8.92371671638,20
A-G1.042-C3,10,2,26,10,0.0,100.0,0.0,91.7986778846154,1.6,8.944850905611492,11.406389367150014,26
A-G1.042-C3,10,3,23,10,0.0,100.0,0.0,81.95789062500002,1.3,20.10905741783995,24.109057417839995,20
A-G1.042-C3,30,0,62,30,0.0,100.0,0.0,93.5390625,1.0666666666666667,7.019334438359679,9.083850567391934,62
A-G1.042-C3,30,1,61,30,6.666666666666667,93.33333333333333,0.0,93.19735558157689,1.0333333333333334,7.485264907549174,9.51805179279507,61
A-G1.042-C3,30,2,76,30,0.0,100.0,0.0,92.4329655519006,1.5333333333333334,8.236409956651295,10.657462588230254,76
A-G1.042-C3,30,3,76,30,0.0,100.0,0.0,83.73386926328503,1.5333333333333334,18.05372458602023,22.05372458602027,69
A-G1.045-C2,10,0,30,10,0.0,100.0,0.0,92.7575520833333,2,7.720938452859993,10.38760511952666,30
A-G1.045-C2,10,1,27,10,0.0,100.0,0.0,94.20927028218695,1.7,6.206757443496313,8.725275962014832,27
A-G1.045-C2,10,2,37,10,0.0,100.0,0.0,92.79631193693695,2.7,7.765729702970254,10.684648621889204,37
A-G1.045-C2,10,3,10,7,0.0,57.142857142857146,42.857142857142854,82.94947916666663,0.3,19.265505644199948,23.265505644199884,7
A-G1.045-C3,10,0,21,10,0.0,100.0,0.0,92.1132192460317,1.1,8.581933966661898,10.677172061899999,21
A-G1.045-C3,10,1,22,10,0.0,100.0,0.0,92.49851190476194,1.2,8.336039586954536,10.517857768772718,22
A-G1.045-C3,10,2,28,10,0.0,100.0,0.0,92.80199032738095,1.8,7.761516699964269,10.332945271392857,28
A-G1.045-C3,10,3,18,9,0.0,88.88888888888889,11.11111111111111,82.7670138888889,0.9,19.896162777236317,23.8961627772364,11
A-G1.045-C3,30,0,64,30,0.0,100.0,0.0,93.39583333333333,1.1333333333333333,7.141032418676557,9.266032418676565,64
A-G1.045-C3,30,1,69,30,0.0,100.0,0.0,92.95902346445826,1.3,7.747198544298535,10.008068109515941,69
A-G1.045-C3,30,2,81,30,0.0,100.0,0.0,93.10533479080932,1.7,7.481800408083944,10.000318926602485,81
A-G1.045-C3,30,3,55,28,0.0,89.28571428571429,10.714285714285714,83.10290178571431,0.9,19.27880809574993,23.27880809574999,38
B-G1.040-C2,10,0,27,10,10.0,90.0,0.0,93.11805555555554,1.7,7.45827090784444,9.976789426362961,27
B-G1.040-C2,10,1,29,10,0.0,100.0,0.0,93.75261699507391,1.9,6.678176023603469,9.298865678775867,29
B-G1.040-C2,10,2,39,10,0.0,100.0,0.0,92.37446581196579,2.9,8.197338237658945,11.171697212017925,39
B-G1.040-C2,10,3,9,6,0.0,66.66666666666667,33.333333333333336,80.74966179653678,0.3,21.915947361514164,25.91594736151423,7
B-G1.040-C3,10,0,21,10,10.0,90.0,0.0,92.38950892857146,1.1,8.28462047270001,10.379858567938092,21
B-G1.040-C3,10,1,21,10,0.0,100.0,0.0,93.6517148526077,1.1,6.916047021361919,9.011285116599982,21
B-G1.040-C3,10,2,29,10,0.0,100.0,0.0,92.63024977895668,1.9,7.967245046458582,10.587934701631028,29
B-G1.040-C3,10,3,12,9,0.0,100.0,0.0,82.59224345730027,0.3,19.644832718788773,23.644832718788873,9
B-G1.042-C2,10,0,29,10,0.0,100.0,0.0,92.94261853448278,1.9,7.618110674941394,10.238800330113794,29
B-G1.042-C2,10,1,28,10,0.0,100.0,0.0,94.22130102040813,1.8,6.139269734857172,8.71069830628571,28
B-G1.042-C2,10,2,44,10,0.0,100.0,0.0,91.70889787296036,3.4,8.749402492674976,11.840311583584047,44
B-G1.042-C2,10,3,2,2,0.0,0.0,100.0,,0,,,0
B-G1.042-C3,10,0,20,10,0.0,100.0,0.0,92.14713541666667,1,8.693649350654999,10.693649350654997,20
B-G1.042-C3,10,1,20,10,10.0,90.0,0.0,93.64092261904766,1,6.923716716379988,8.92371671638,20
B-G1.042-C3,10,2,30,10,0.0,100.0,0.0,92.3376068376068,2,8.335634027179989,11.002300693846678,30
B-G1.042-C3,10,3,4,3,0.0,66.66666666666667,33.333333333333336,80.17542613636385,0.1,22.632162162200075,26.632162162200075,2
B-G1.045-C2,10,0,30,10,0.0,100.0,0.0,92.7575520833333,2,7.720938452859993,10.38760511952666,30
B-G1.045-C2,10,1,27,10,0.0,100.0,0.0,94.20927028218695,1.7,6.206757443496313,8.725275962014832,27
B-G1.045-C2,10,2,47,10,0.0,100.0,0.0,90.99604473540646,3.7,9.664609155791426,12.813545326004254,47
B-G1.045-C2,10,3,0,0,,,,,0,,,0
B-G1.045-C3,10,0,21,10,0.0,100.0,0.0,92.1132192460317,1.1,8.581933966661898,10.677172061899999,21
B-G1.045-C3,10,1,22,10,0.0,100.0,0.0,92.49851190476194,1.2,8.336039586954536,10.517857768772718,22
B-G1.045-C3,10,2,35,10,0.0,100.0,0.0,93.38795787545789,2.5,7.152626961248565,10.009769818391455,35
B-G1.045-C3,10,3,1,1,0.0,0.0,100.0,,0,,,0
