candidate,samples,rank,entered,completed,dwellP10,dwellP50,dwellP90,startEfficiencyP50,startQualityP50,exitEfficiencyP50,exitQualityP50,purchaseCount,medianNextUpgradeETA,rankEntryP10Minutes,rankEntryP50Minutes,rankEntryP90Minutes,rankEntryCensored
A-G1.040-C2,10,0,10,10,696.69785730413,828.3626023172501,1071.91551283273,10,6,26,19,505,7.500000000000001,0,0,0,0
A-G1.040-C2,10,1,10,10,550.3461426815901,796.8226871177001,1018.8464191067899,26,19,46.5,38.5,1000,3.2090761750405186,11.611630955068833,13.806043371954168,17.865258547212164,0
A-G1.040-C2,10,2,10,10,762.3513945379498,783.18439300455,924.19055742926,46.5,38.5,76,70,1580,2.5259360065829037,21.630649785837335,27.98950683360917,30.921602161495333,0
A-G1.040-C2,10,3,10,0,852.52837714889,1034.1805153982,1536.0339479875202,76,70,,,1555,3.5060061748735896,34.399434200208,42.76365807669667,45.79119371418516,0
A-G1.040-C2,10,4,0,0,,,,,,,,0,,,,,10
A-G1.040-C3,10,0,10,10,684.1260505604,831.2606311687,1064.8917643498999,10,6,27.5,20.5,588,7.324675324675324,0,0,0,0
A-G1.040-C3,10,1,10,10,558.95538271186,662.2110142303999,807.9343109284698,27.5,20.5,48.5,40.5,1026,2.8884826325411335,11.402100842673335,13.854343852811667,17.74819607249833,0
A-G1.040-C3,10,2,10,10,553.02314274886,654.9948116115501,992.5856759904901,48.5,40.5,75.0,68.5,1472,2.2461814914645104,22.472619136006497,24.762832397441663,28.862399700283003,0
A-G1.040-C3,10,3,10,0,1179.73387120533,1346.33117442775,1600.55127808096,75.0,68.5,,,1805,3.7779643439182182,33.324145365317335,37.56114709287083,40.3377688132445,0
A-G1.040-C3,10,4,0,0,,,,,,,,0,,,,,10
A-G1.040-C3,30,0,30,30,585.38192669767,711.97000980125,932.0195223528901,10,6,27,20,1696,7.0434782608695645,0,0,0,0
A-G1.040-C3,30,1,30,30,560.46076165687,664.91609805495,912.2526915185503,27,20,48.5,40.5,3132,3.1343283582089554,9.756365444961167,11.866166830020834,15.533658705881503,0
A-G1.040-C3,30,2,30,30,549.7788644309302,658.03557813435,992.5856759904901,48.5,40.5,76,69,4586,2.306064880112835,20.931134649610332,23.112792026803334,28.82336052758317,0
A-G1.040-C3,30,3,30,0,1102.4611857240402,1458.8807081831999,1681.49810317337,76,69,,,5432,3.8654576128215945,31.97503161377717,35.68532153028001,41.625646904599336,0
A-G1.040-C3,30,4,0,0,,,,,,,,0,,,,,30
A-G1.042-C2,10,0,10,10,705.91477401287,949.90670938385,966.4945763098,10,6,26,19,531,7.76978417266187,0,0,0,0
A-G1.042-C2,10,1,10,10,560.44867547303,794.2658004235999,1000.84208411523,26,19,45,38,938,3.5708382526564346,11.765246233547835,15.831778489730834,16.108242938496666,0
A-G1.042-C2,10,2,10,10,762.3134115519902,885.8381787558001,1093.59826916898,45,38,75,69,1522,2.34890476245695,24.831997751916504,27.84908250507,32.392312432625,0
A-G1.042-C2,10,3,10,0,835.0453906172999,938.6158630898001,1237.93145997168,75,69,,,1496,3.703581449084007,39.367809000472,44.356402281836665,46.082576823045,0
A-G1.042-C2,10,4,0,0,,,,,,,,0,,,,,10
A-G1.042-C3,10,0,10,10,721.66996495896,828.12290390285,835.08388171744,10,6,26,19,518,7.3700787401574805,0,0,0,0
A-G1.042-C3,10,1,10,10,557.39139037427,774.6333404013999,822.2140889594999,26,19,47,40,1047,3.637746976544652,12.027832749316,13.802048398380833,13.918064695290667,0
A-G1.042-C3,10,2,10,10,665.4967457973302,888.0662692639501,1010.4245053297802,47,40,77.0,71.0,1562,2.5057365764111976,23.136589518161998,26.621218036125832,27.316855315940497,0
A-G1.042-C3,10,3,10,0,917.82729106416,1095.898077422,1527.18444942713,77.0,71.0,,,1597,3.690215006581834,34.546925842881166,41.735032042966665,44.702878482264,0
A-G1.042-C3,10,4,0,0,,,,,,,,0,,,,,10
A-G1.042-C3,30,0,30,30,587.6618989511301,825.9762062458,837.30141909378,10,6,27,20,1664,7.044739851343625,0,0,0,0
A-G1.042-C3,30,1,30,30,564.95389802137,675.32656948335,801.1343055800802,27,20,47.5,40,3149,3.0344827586206895,9.794364982518834,13.766270104096666,13.955023651563,0
A-G1.042-C3,30,2,30,30,645.9428395426501,874.05650953405,1002.8473587474302,47.5,40,77.5,71.0,4545,2.3233982633184698,21.1028911438755,24.718556871275833,27.1164504540205,0
A-G1.042-C3,30,3,30,0,954.7158037680902,1295.44025350275,1667.1763230547099,77.5,71.0,,,4899,3.9833050736924482,32.21372794908817,38.409329108287494,44.0880699371985,0
A-G1.042-C3,30,4,0,0,,,,,,,,0,,,,,30
A-G1.045-C2,10,0,10,10,815.14330391612,943.16773370415,968.9707833579199,10,6,26.5,19.5,545,8.18941504178273,0,0,0,0
A-G1.045-C2,10,1,10,10,639.1382446652101,780.0412150279499,908.2860802204799,26.5,19.5,45.0,38.0,955,3.2735104091888014,13.585721731935333,15.719462228402499,16.149513055965333,0
A-G1.045-C2,10,2,10,10,772.6851698649798,985.7955322924001,1217.61264676007,45.0,38.0,73.5,67.5,1453,3.2085561497326207,26.726491397933668,27.791063651327498,29.065422058048167,0
A-G1.045-C2,10,3,10,0,665.1167010291599,895.6224074143499,1224.8864750290902,73.5,67.5,,,1409,3.6667268460010836,39.585225416181835,45.072959876427504,48.914721649514,0
A-G1.045-C2,10,4,0,0,,,,,,,,0,,,,,10
A-G1.045-C3,10,0,10,10,711.38417806091,827.4747160695999,869.7928786903899,10,6,27,20,591,7.384615384615385,0,0,0,0
A-G1.045-C3,10,1,10,10,572.2322521167001,675.5456178812001,1022.4733609975698,27,20,47,40,1002,3.8502673796791442,11.856402967681834,13.791245267826667,14.496547978173165,0
A-G1.045-C3,10,2,10,10,876.1312420896397,983.2675731992999,1108.8002429247797,47,40,77.5,71,1551,2.951807228915663,22.797336089909667,25.15628894098917,30.8202343463605,0
A-G1.045-C3,10,3,10,0,865.2309923005398,994.1822837791001,1236.70832625284,77.5,71,,,1330,4.153076352853966,39.38819456245267,43.43029527034833,45.579483461657674,0
A-G1.045-C3,10,4,0,0,,,,,,,,0,,,,,10
A-G1.045-C3,30,0,30,30,594.82666389285,821.6998595745999,1170.15931735876,10,6,27,20,1721,7.105263157894737,0,0,0,0
A-G1.045-C3,30,1,30,30,557.0293880905601,678.1893778628,1009.91062503466,27,20,47.5,40.5,3124,3.6377590176515735,9.9137777315475,13.694997659576666,19.502655289312667,0
A-G1.045-C3,30,2,30,30,659.8508910871499,933.19738242995,1121.31480869247,47.5,40.5,77,71,4564,2.884990253411306,21.207881425560004,26.838980923623332,30.486159469954334,0
A-G1.045-C3,30,3,30,0,757.4622871796898,1113.8631513109501,1439.2117735337802,77,71,,,4070,4.21634045244576,36.01313710777033,41.4356141448175,47.37562854700517,0
A-G1.045-C3,30,4,0,0,,,,,,,,0,,,,,30
B-G1.040-C2,10,0,10,10,696.69785730413,828.3626023172501,1071.91551283273,10,6,26,19,505,7.500000000000001,0,0,0,0
B-G1.040-C2,10,1,10,10,550.3461426815901,796.8226871177001,1018.8464191067899,26,19,46.5,38.5,1000,3.2090761750405186,11.611630955068833,13.806043371954168,17.865258547212164,0
B-G1.040-C2,10,2,10,10,781.94951671883,944.6605199033002,1265.2817487047298,46.5,38.5,80.5,74,1834,2.3951382268827452,21.630649785837335,27.98950683360917,30.921602161495333,0
B-G1.040-C2,10,3,10,0,647.84425393208,946.36962150305,1301.9121716599197,80.5,74,,,1437,3.8945689897758182,38.301463805668,44.22717297494917,49.20259576779866,0
B-G1.040-C2,10,4,0,0,,,,,,,,0,,,,,10
B-G1.040-C3,10,0,10,10,684.1260505604,831.2606311687,1064.8917643498999,10,6,27.5,20.5,588,7.324675324675324,0,0,0,0
B-G1.040-C3,10,1,10,10,558.95538271186,662.2110142303999,807.9343109284698,27.5,20.5,48.5,40.5,1026,2.8884826325411335,11.402100842673335,13.854343852811667,17.74819607249833,0
B-G1.040-C3,10,2,10,10,961.23036636793,1006.84862762975,1102.4411678602,48.5,40.5,84,77.5,1839,2.7,22.472619136006497,24.762832397441663,28.862399700283003,0
B-G1.040-C3,10,3,10,0,858.0252950382202,1056.1088489159,1332.20936612274,84,77.5,,,1452,4.015855039637599,37.796510564621,42.398185851401664,45.69957841602966,0
B-G1.040-C3,10,4,0,0,,,,,,,,0,,,,,10
B-G1.042-C2,10,0,10,10,705.91477401287,949.90670938385,966.4945763098,10,6,26,19,531,7.76978417266187,0,0,0,0
B-G1.042-C2,10,1,10,10,560.44867547303,794.2658004235999,1000.84208411523,26,19,45,38,938,3.5708382526564346,11.765246233547835,15.831778489730834,16.108242938496666,0
B-G1.042-C2,10,2,10,10,1103.0925282203102,1216.3883243035002,1457.38967181105,45,38,81.0,74.5,1876,2.9361702127659575,24.831997751916504,27.84908250507,32.392312432625,0
B-G1.042-C2,10,3,10,0,478.5257567554099,623.6123343941499,890.8164119646399,81.0,74.5,,,1125,3.3157269246005545,45.15305980058934,49.60646109343084,52.024570720743164,0
B-G1.042-C2,10,4,0,0,,,,,,,,0,,,,,10
B-G1.042-C3,10,0,10,10,721.66996495896,828.12290390285,835.08388171744,10,6,26,19,518,7.3700787401574805,0,0,0,0
B-G1.042-C3,10,1,10,10,557.39139037427,774.6333404013999,822.2140889594999,26,19,47,40,1047,3.637746976544652,12.027832749316,13.802048398380833,13.918064695290667,0
B-G1.042-C3,10,2,10,10,943.8025024637998,1099.2326015868998,1236.3794302759998,47,40,82.5,76.5,1854,2.624227158232196,23.136589518161998,26.621218036125832,27.316855315940497,0
B-G1.042-C3,10,3,10,0,679.4862137066502,946.5652579074501,1246.25541463884,82.5,76.5,,,1299,3.7822812051649928,39.22907642268599,44.22391236820916,48.675229771555834,0
B-G1.042-C3,10,4,0,0,,,,,,,,0,,,,,10
B-G1.045-C2,10,0,10,10,815.14330391612,943.16773370415,968.9707833579199,10,6,26.5,19.5,545,8.18941504178273,0,0,0,0
B-G1.045-C2,10,1,10,10,639.1382446652101,780.0412150279499,908.2860802204799,26.5,19.5,45.0,38.0,955,3.2735104091888014,13.585721731935333,15.719462228402499,16.149513055965333,0
B-G1.045-C2,10,2,10,10,1080.16647919884,1394.1522136859999,1468.7990696279699,45.0,38.0,80,73,1816,3.291735342594773,26.726491397933668,27.791063651327498,29.065422058048167,0
B-G1.045-C2,10,3,10,0,423.93048732409,594.2542681243001,778.0749004430398,80,73,,,947,3.829421866056096,47.03208499261601,50.09576219792834,52.93449187793183,0
B-G1.045-C2,10,4,0,0,,,,,,,,0,,,,,10
B-G1.045-C3,10,0,10,10,711.38417806091,827.4747160695999,869.7928786903899,10,6,27,20,591,7.384615384615385,0,0,0,0
B-G1.045-C3,10,1,10,10,572.2322521167001,675.5456178812001,1022.4733609975698,27,20,47,40,1002,3.8502673796791442,11.856402967681834,13.791245267826667,14.496547978173165,0
B-G1.045-C3,10,2,10,10,1044.0564623922699,1383.9491409178,1541.2009034927198,47,40,83,77,1871,3.406940063091483,22.797336089909667,25.15628894098917,30.8202343463605,0
B-G1.045-C3,10,3,10,0,424.3069364275502,683.3605448204501,1037.54274317787,83,77,,,918,4.61839530332681,42.7076209470355,48.61065758632583,52.9282177262075,0
B-G1.045-C3,10,4,0,0,,,,,,,,0,,,,,10
