candidate,seed,efficiency,quality,flattery,lifeManagement,slacking,stableE,stableQ,rank
A-G1.040-C2,42,105,103,97,100,98,115,109,3
A-G1.040-C2,7961,99,97,91,95,92,109,103,3
A-G1.040-C2,15880,97,95,89,93,90,107,101,3
A-G1.040-C2,23799,101,99,93,97,95,111,105,3
A-G1.040-C2,31718,93,91,85,89,86,103,97,3
A-G1.040-C2,39637,97,94,89,92,90,107,100,3
A-G1.040-C2,47556,97,95,89,93,90,107,101,3
A-G1.040-C2,55475,91,88,82,86,84,101,94,3
A-G1.040-C2,63394,96,94,88,91,89,106,100,3
A-G1.040-C2,71313,95,93,87,91,89,105,99,3
A-G1.040-C3,42,104,102,96,100,98,114,108,3
A-G1.040-C3,7961,100,97,92,95,93,110,103,3
A-G1.040-C3,15880,102,99,93,97,95,112,105,3
A-G1.040-C3,23799,107,105,99,103,101,117,111,3
A-G1.040-C3,31718,103,100,94,98,96,113,106,3
A-G1.040-C3,39637,103,100,95,98,96,113,106,3
A-G1.040-C3,47556,103,100,94,98,96,113,106,3
A-G1.040-C3,55475,104,101,95,99,97,114,107,3
A-G1.040-C3,63394,95,92,87,90,88,105,98,3
A-G1.040-C3,71313,103,100,94,98,96,113,106,3
A-G1.042-C2,42,97,95,89,93,91,107,101,3
A-G1.042-C2,7961,92,89,84,87,85,102,95,3
A-G1.042-C2,15880,91,89,83,87,85,101,95,3
A-G1.042-C2,23799,91,88,82,86,84,101,94,3
A-G1.042-C2,31718,97,95,89,93,91,107,101,3
A-G1.042-C2,39637,95,93,87,91,88,105,99,3
A-G1.042-C2,47556,94,91,86,89,87,104,97,3
A-G1.042-C2,55475,93,90,85,89,86,103,96,3
A-G1.042-C2,63394,95,93,87,91,89,105,99,3
A-G1.042-C2,71313,95,93,87,91,89,105,99,3
A-G1.042-C3,42,97,94,88,92,90,107,100,3
A-G1.042-C3,7961,105,102,96,100,98,115,108,3
A-G1.042-C3,15880,101,98,92,96,94,111,104,3
A-G1.042-C3,23799,96,93,88,92,89,106,99,3
A-G1.042-C3,31718,98,95,89,93,91,108,101,3
A-G1.042-C3,39637,104,101,95,99,97,114,107,3
A-G1.042-C3,47556,98,95,89,93,91,108,101,3
A-G1.042-C3,55475,93,90,84,88,86,103,96,3
A-G1.042-C3,63394,103,100,95,99,96,113,106,3
A-G1.042-C3,71313,97,94,88,92,90,107,100,3
A-G1.045-C2,42,93,90,85,88,86,103,96,3
A-G1.045-C2,7961,89,87,82,85,83,99,93,3
A-G1.045-C2,15880,95,92,87,91,88,105,98,3
A-G1.045-C2,23799,90,87,82,86,84,100,93,3
A-G1.045-C2,31718,94,92,86,90,88,104,98,3
A-G1.045-C2,39637,90,87,82,86,83,100,93,3
A-G1.045-C2,47556,92,89,84,88,86,102,95,3
A-G1.045-C2,55475,90,87,82,85,83,100,93,3
A-G1.045-C2,63394,92,89,84,87,85,102,95,3
A-G1.045-C2,71313,90,88,83,86,84,100,94,3
A-G1.045-C3,42,87,84,79,83,80,97,90,3
A-G1.045-C3,7961,92,89,84,88,85,102,95,3
A-G1.045-C3,15880,91,88,83,87,85,101,94,3
A-G1.045-C3,23799,93,90,85,89,86,103,96,3
A-G1.045-C3,31718,95,92,87,91,89,105,98,3
A-G1.045-C3,39637,99,96,91,95,92,109,102,3
A-G1.045-C3,47556,96,93,88,92,89,106,99,3
A-G1.045-C3,55475,94,91,86,90,87,104,97,3
A-G1.045-C3,63394,98,95,90,94,91,108,101,3
A-G1.045-C3,71313,93,91,85,89,87,103,97,3
B-G1.040-C2,42,103,100,95,98,96,113,106,3
B-G1.040-C2,7961,104,102,96,100,98,114,108,3
B-G1.040-C2,15880,101,98,93,96,94,111,104,3
B-G1.040-C2,23799,100,98,92,96,93,110,104,3
B-G1.040-C2,31718,93,91,85,89,86,103,97,3
B-G1.040-C2,39637,99,97,91,95,93,109,103,3
B-G1.040-C2,47556,104,101,96,99,97,114,107,3
B-G1.040-C2,55475,94,92,86,89,87,104,98,3
B-G1.040-C2,63394,100,97,91,95,93,110,103,3
B-G1.040-C2,71313,101,99,93,96,94,111,105,3
B-G1.040-C3,42,108,105,99,103,101,118,111,3
B-G1.040-C3,7961,100,98,92,96,94,110,104,3
B-G1.040-C3,15880,100,97,92,95,93,110,103,3
B-G1.040-C3,23799,108,105,99,103,101,118,111,3
B-G1.040-C3,31718,100,98,92,96,94,110,104,3
B-G1.040-C3,39637,104,102,96,99,97,114,108,3
B-G1.040-C3,47556,101,99,93,97,94,111,105,3
B-G1.040-C3,55475,108,105,100,103,101,118,111,3
B-G1.040-C3,63394,95,92,86,90,88,105,98,3
B-G1.040-C3,71313,102,99,93,97,95,112,105,3
B-G1.042-C2,42,101,99,93,97,95,111,105,3
B-G1.042-C2,7961,91,88,82,86,84,101,94,3
B-G1.042-C2,15880,89,87,81,85,83,99,93,3
B-G1.042-C2,23799,90,87,82,85,83,100,93,3
B-G1.042-C2,31718,99,96,91,94,92,109,102,3
B-G1.042-C2,39637,97,94,89,92,90,107,100,3
B-G1.042-C2,47556,91,88,83,87,84,101,94,3
B-G1.042-C2,55475,88,85,80,84,81,98,91,3
B-G1.042-C2,63394,101,99,93,97,94,111,105,3
B-G1.042-C2,71313,91,88,83,87,84,101,94,3
B-G1.042-C3,42,97,95,89,93,90,107,101,3
B-G1.042-C3,7961,105,102,97,100,98,115,108,3
B-G1.042-C3,15880,97,95,89,93,91,107,101,3
B-G1.042-C3,23799,98,95,89,93,91,108,101,3
B-G1.042-C3,31718,95,93,87,91,88,105,99,3
B-G1.042-C3,39637,102,100,94,98,96,112,106,3
B-G1.042-C3,47556,100,97,92,96,93,110,103,3
B-G1.042-C3,55475,93,90,85,89,86,103,96,3
B-G1.042-C3,63394,99,97,91,95,93,109,103,3
B-G1.042-C3,71313,101,98,92,96,94,111,104,3
B-G1.045-C2,42,87,85,79,83,81,97,91,3
B-G1.045-C2,7961,83,81,76,79,77,93,87,3
B-G1.045-C2,15880,88,85,80,84,82,98,91,3
B-G1.045-C2,23799,91,89,83,87,85,101,95,3
B-G1.045-C2,31718,90,87,82,86,84,100,93,3
B-G1.045-C2,39637,95,93,88,91,89,105,99,3
B-G1.045-C2,47556,91,89,84,87,85,101,95,3
B-G1.045-C2,55475,87,85,80,83,81,97,91,3
B-G1.045-C2,63394,86,83,78,82,80,96,89,3
B-G1.045-C2,71313,95,92,87,90,88,105,98,3
B-G1.045-C3,42,78,76,71,74,72,88,82,3
B-G1.045-C3,7961,88,85,80,83,81,98,91,3
B-G1.045-C3,15880,93,90,85,89,86,103,96,3
B-G1.045-C3,23799,88,85,80,84,82,98,91,3
B-G1.045-C3,31718,96,93,88,91,89,106,99,3
B-G1.045-C3,39637,93,91,85,89,87,103,97,3
B-G1.045-C3,47556,94,91,86,90,88,104,97,3
B-G1.045-C3,55475,100,97,92,95,93,110,103,3
B-G1.045-C3,63394,95,92,87,90,88,105,98,3
B-G1.045-C3,71313,95,92,87,90,88,105,98,3
A-G1.040-C3,79232,105,103,97,101,98,115,109,3
A-G1.040-C3,87151,107,105,99,102,100,117,111,3
A-G1.040-C3,95070,108,106,100,104,101,118,112,3
A-G1.040-C3,102989,105,102,96,100,98,115,108,3
A-G1.040-C3,110908,101,98,93,96,94,111,104,3
A-G1.040-C3,118827,104,102,96,99,97,114,108,3
A-G1.040-C3,126746,100,98,92,96,94,110,104,3
A-G1.040-C3,134665,102,100,94,97,95,112,106,3
A-G1.040-C3,142584,95,93,87,90,88,105,99,3
A-G1.040-C3,150503,104,102,96,100,98,114,108,3
A-G1.040-C3,158422,101,99,93,96,94,111,105,3
A-G1.040-C3,166341,104,102,96,100,98,114,108,3
A-G1.040-C3,174260,106,104,98,102,99,116,110,3
A-G1.040-C3,182179,108,105,99,103,101,118,111,3
A-G1.040-C3,190098,107,105,99,103,100,117,111,3
A-G1.040-C3,198017,97,94,89,92,90,107,100,3
A-G1.040-C3,205936,106,104,98,102,99,116,110,3
A-G1.040-C3,213855,108,105,100,103,101,118,111,3
A-G1.040-C3,221774,106,104,98,102,100,116,110,3
A-G1.040-C3,229693,104,101,96,99,97,114,107,3
A-G1.042-C3,79232,101,98,92,96,94,111,104,3
A-G1.042-C3,87151,103,101,95,99,97,113,107,3
A-G1.042-C3,95070,99,97,91,95,93,109,103,3
A-G1.042-C3,102989,100,97,92,96,93,110,103,3
A-G1.042-C3,110908,98,95,90,94,91,108,101,3
A-G1.042-C3,118827,100,97,91,95,93,110,103,3
A-G1.042-C3,126746,100,97,91,95,93,110,103,3
A-G1.042-C3,134665,92,89,84,87,85,102,95,3
A-G1.042-C3,142584,102,100,94,98,96,112,106,3
A-G1.042-C3,150503,99,97,91,95,92,109,103,3
A-G1.042-C3,158422,99,96,90,94,92,109,102,3
A-G1.042-C3,166341,100,97,92,95,93,110,103,3
A-G1.042-C3,174260,101,98,93,96,94,111,104,3
A-G1.042-C3,182179,95,92,86,90,88,105,98,3
A-G1.042-C3,190098,98,95,90,94,91,108,101,3
A-G1.042-C3,198017,102,99,94,97,95,112,105,3
A-G1.042-C3,205936,102,99,94,98,95,112,105,3
A-G1.042-C3,213855,103,100,95,99,96,113,106,3
A-G1.042-C3,221774,102,100,94,98,95,112,106,3
A-G1.042-C3,229693,100,97,92,95,93,110,103,3
A-G1.045-C3,79232,93,91,85,89,87,103,97,3
A-G1.045-C3,87151,99,96,91,94,92,109,102,3
A-G1.045-C3,95070,93,91,86,89,87,103,97,3
A-G1.045-C3,102989,99,96,91,95,93,109,102,3
A-G1.045-C3,110908,97,95,89,93,91,107,101,3
A-G1.045-C3,118827,93,90,85,89,87,103,96,3
A-G1.045-C3,126746,90,87,82,86,84,100,93,3
A-G1.045-C3,134665,97,94,89,92,90,107,100,3
A-G1.045-C3,142584,83,80,75,79,77,93,86,3
A-G1.045-C3,150503,98,95,90,93,91,108,101,3
A-G1.045-C3,158422,92,90,84,88,86,102,96,3
A-G1.045-C3,166341,90,87,82,86,83,100,93,3
A-G1.045-C3,174260,96,94,88,92,90,106,100,3
A-G1.045-C3,182179,95,92,87,91,89,105,98,3
A-G1.045-C3,190098,97,94,89,92,90,107,100,3
A-G1.045-C3,198017,90,88,83,86,84,100,94,3
A-G1.045-C3,205936,95,93,87,91,89,105,99,3
A-G1.045-C3,213855,95,92,87,91,89,105,98,3
A-G1.045-C3,221774,94,91,86,90,87,104,97,3
A-G1.045-C3,229693,99,97,91,95,93,109,103,3
