candidate,seed,bossOvertimeSeconds,sleepWindows,sleepRatioMean,sleepRatioMinimum,todo_average,dueToday_average,overdue_average,todo_peak,dueToday_peak,overdue_peak,todo_final,dueToday_final,overdue_final
A-G1.040-C2,42,11.506137744100556,32,0.9991081154684031,0.971459694988897,6.907195420106213,0.5272510769012502,0.01980094878316676,21,10,3,17,8,0
A-G1.040-C2,7961,16.26659571899927,31,0.9994866153281962,0.984085075174082,9.789081764800514,1.8603492889373623,0.14868132836233391,29,11,11,11,1,0
A-G1.040-C2,15880,12.431325718500375,31,0.9916009557945039,0.7396296296296222,7.945327738095805,0.9343619038620556,0.025926621466916704,31,19,4,12,0,0
A-G1.040-C2,23799,7.750854944500588,31,1,1,8.057791488663002,1.511509974650527,0.2664368207838608,24,15,15,3,0,0
A-G1.040-C2,31718,17.26763185989921,31,1,1,7.02032221911393,0.8170789506092488,0.03149780577705542,20,10,5,10,6,0
A-G1.040-C2,39637,10.04046269660057,31,0.9980935033393669,0.9446023072259272,9.764129701322945,1.953713701719639,0.1593962986151941,26,15,15,7,0,0
A-G1.040-C2,47556,13.112038261600219,31,0.9997343726438471,0.9917655519592599,6.211537204581553,0.5444218265907214,0.009760887816388883,17,17,2,10,0,0
A-G1.040-C2,55475,5.498845538000296,31,0.9932735961768219,0.8618518518518512,8.280290262601165,1.568621157335945,0.10363914407280611,26,18,11,2,0,0
A-G1.040-C2,63394,20.569832421299935,31,0.998455997494504,0.9584322186259231,8.307952682715554,1.659334789032084,0.15630069487652745,24,14,14,21,9,0
A-G1.040-C2,71313,15.79608064499962,31,0.999952210274791,0.9985185185185199,8.048428768731666,1.5255767899159713,0.18432255623388952,27,21,18,18,0,0
A-G1.040-C3,42,16.56908611009942,32,1,1,7.9069578883717995,0.8170544914824395,0.01967629861880638,27,13,5,6,2,4
A-G1.040-C3,7961,16.869888348300265,32,1,1,6.843407136043505,0.5041700474773888,0.00501952447033337,31,19,1,8,6,1
A-G1.040-C3,15880,24.26643858540092,31,0.9994866153281962,0.984085075174082,7.126569622969611,0.6783183146483891,0.026005348198583248,21,9,4,6,0,0
A-G1.040-C3,23799,15.802062939400912,32,1,1,7.8827921959018035,1.4511938651981682,0.27078381567911103,24,15,15,3,0,0
A-G1.040-C3,31718,13.008681813000521,31,1,1,7.438605952125051,0.6968713747526388,0.030137494352805827,23,13,5,8,0,0
A-G1.040-C3,39637,7.222807566999563,32,0.9999999999999422,0.9999999999981484,7.36405730344578,0.9111524931906393,0.05086634390319432,23,13,8,7,0,0
A-G1.040-C3,47556,21.93256675450084,32,1,1,6.004987309920179,0.7005774095509434,0.039350475232750204,16,10,8,9,0,0
A-G1.040-C3,55475,24.182482985800334,31,0.9998805256869773,0.9962962962962955,6.963298326921148,1.00722495858325,0.06713748572366673,19,10,8,7,0,0
A-G1.040-C3,63394,14.927461625099596,31,0.9940074818340501,0.8829629629629642,6.140530535799261,0.44750623275069473,0.0064729855341666585,24,14,1,3,0,0
A-G1.040-C3,71313,11.999379685400072,32,0.9985813221008102,0.9546023072259265,7.455048025456182,0.7641193343971319,0.02739467119913951,27,21,6,11,0,0
A-G1.042-C2,42,20.347408626699234,31,1,1,8.819405990329976,1.6084791938973875,0.27919664881583345,26,21,20,14,1,0
A-G1.042-C2,7961,10.593960393399357,32,1,1,6.378868433862535,0.5939104296710827,0.027643494464888806,17,10,5,17,0,0
A-G1.042-C2,15880,19.57762391170081,31,1,1,6.243307615889343,0.3591522589594725,0.0051638941563610765,21,12,1,3,1,0
A-G1.042-C2,23799,7.890211144399927,31,1,1,9.34231531014344,1.5823802024464997,0.13091911093336106,30,24,13,5,0,0
A-G1.042-C2,31718,16.129054991200974,31,0.9978570652764038,0.9335690235685177,8.897730614290966,1.2050248503473318,0.09509860204688923,28,12,9,7,0,0
A-G1.042-C2,39637,18.47982138370071,31,0.992511671335126,0.8412169312166751,7.533214555320193,0.8138441094998836,0.023814938093000882,28,15,4,6,0,0
A-G1.042-C2,47556,13.177256449799188,31,1,1,8.42684818501558,1.3092360338370554,0.11312584846861108,28,14,14,8,1,0
A-G1.042-C2,55475,15.111542170099483,31,0.9998805256869774,0.9962962962962997,7.33064576420567,0.8558781881603621,0.043477677571888765,22,12,7,5,1,0
A-G1.042-C2,63394,22.130865588500257,32,1,1,7.189673127367876,1.2754770307142214,0.16799795272124968,25,19,19,6,0,0
A-G1.042-C2,71313,8.823002600399377,31,0.9955436081242532,0.8618518518518512,7.223516648990341,1.041151534837333,0.04613250946922234,18,9,6,2,0,0
A-G1.042-C3,42,20.451040935598257,31,0.9870972250400236,0.7396296296296222,6.444896397265298,0.7845036272861042,0.02309717478455608,26,21,5,5,0,0
A-G1.042-C3,7961,23.647326038100346,31,1,1,7.281703131138093,0.6235236036054163,0.01380022193191659,24,13,2,4,0,0
A-G1.042-C3,15880,28.737778868100804,31,0.9904755848460576,0.8084468339314854,6.7332736677159515,0.664267738242907,0.02917418825416745,21,10,7,3,1,0
A-G1.042-C3,23799,24.289304027199933,31,0.9999334077599762,0.9979356405592625,7.135677311000133,0.5273578399895,0.017961346293888913,17,10,3,9,0,0
A-G1.042-C3,31718,29.329261488098837,31,0.9901850477480292,0.8791934925574154,7.369098259595867,0.5876903990648892,0.0223341213887499,23,9,3,8,0,0
A-G1.042-C3,39637,21.82034765180083,32,0.9999999999999422,0.9999999999981484,6.853968061704139,0.7309128393561665,0.040930546500444316,22,13,6,4,0,0
A-G1.042-C3,47556,12.449337591099265,32,1,1,7.080627901678569,0.544877375921305,0.0035621371371388475,28,14,1,11,8,0
A-G1.042-C3,55475,10.446112573400569,32,0.9984609919325232,0.9507517418407453,5.8620589210677645,0.38209425851550016,0.011562252552027544,15,14,2,6,0,0
A-G1.042-C3,63394,32.83103432470014,32,0.9967757665452547,0.8968245294481507,7.332476874120167,0.7687169865298604,0.026749382316083543,25,19,4,13,3,0
A-G1.042-C3,71313,8.614838174699798,31,0.9988206178528674,0.9634391534388871,7.400072966279014,0.9095151196801647,0.05015136784450135,25,11,9,9,0,0
A-G1.045-C2,42,28.692165998300084,31,1,1,7.378433382557567,0.8622790239872459,0.05145180142430716,21,9,6,7,0,0
A-G1.045-C2,7961,15.931526364200181,31,0.9976105137395461,0.9296296296296305,7.362024392030425,1.0907434883702483,0.10615865236763909,22,17,14,2,0,0
A-G1.045-C2,15880,10.509400811200067,31,1,1,7.266980765826886,0.651350731450361,0.014300726093722271,23,14,2,4,0,0
A-G1.045-C2,23799,24.136772805999954,31,1,1,8.80834732823828,1.3109787909804729,0.10360338241469438,24,13,13,4,0,0
A-G1.045-C2,31718,15.640395981599795,31,0.9963686105683992,0.9239877741814847,7.771576884941585,1.1120831170204164,0.11212136164930601,19,11,11,2,0,0
A-G1.045-C2,39637,14.71445233259982,32,0.9998842592592593,0.9962962962962955,8.336000927264505,1.5335395342252107,0.16733933441311563,24,16,16,9,3,0
A-G1.045-C2,47556,14.560712624199823,31,0.9998805256869773,0.9962962962962965,8.678568743135022,1.6477146931386286,0.11455240037861446,23,10,10,7,0,0
A-G1.045-C2,55475,12.736500600100271,32,1,1,6.672837782776327,1.1773485851604748,0.18870158549319976,22,17,17,15,0,0
A-G1.045-C2,63394,14.936861798900736,32,1,1,7.392278561699905,0.8909886479246942,0.0682725670691663,16,10,8,12,1,0
A-G1.045-C2,71313,13.363908006499969,31,1,1,7.080187464068066,0.8502960167935266,0.038787057295249824,19,13,7,10,2,0
A-G1.045-C3,42,10.283115189199748,32,1,1,7.071855712782278,0.7458206048696667,0.034572445267166456,17,8,5,8,0,0
A-G1.045-C3,7961,11.017089798900088,31,0.9954599761051374,0.9296296296296263,8.031746772661716,0.8152853162365277,0.02236351667591669,29,14,4,3,0,0
A-G1.045-C3,15880,15.119201933000113,32,0.9992864739739583,0.9771671671666674,7.155688886798353,0.45010471133758334,0.011612954372472157,24,14,4,6,1,0
A-G1.045-C3,23799,16.176221654700385,32,0.9964004629629629,0.9218518518518514,7.349788728618937,0.7799832395580275,0.013131703238055587,27,15,2,6,0,0
A-G1.045-C3,31718,14.683817880700417,31,0.9972319643638592,0.9507517418407453,7.661222308568446,0.7286418372222224,0.029714191990444318,22,11,5,3,0,0
A-G1.045-C3,39637,37.881331100498926,32,0.9988425925925926,0.9629629629629629,8.249902549830416,1.293130073189861,0.1404045774492499,24,16,16,5,1,0
A-G1.045-C3,47556,31.641373462700358,31,0.997610513739546,0.9296296296296305,6.577715549609499,0.9053565002943053,0.04522147033569455,18,9,5,10,1,0
A-G1.045-C3,55475,16.0676790635996,32,0.9998495370370369,0.9951851851851812,7.938661015405358,1.0272631869576945,0.17484068405744455,22,17,17,2,2,0
A-G1.045-C3,63394,23.368089586900624,32,0.9977364146934028,0.9312689738925891,8.411665552638949,1.2532065222834714,0.09678059470686179,24,14,9,5,0,0
A-G1.045-C3,71313,16.70489874789996,32,0.996759259259259,0.8962962962962896,7.719037235614289,1.2308124424640825,0.08079230751041633,27,12,8,4,3,0
B-G1.040-C2,42,17.55301345939995,31,0.9950166295327358,0.8455155155148127,6.5637691226733885,0.5675425456168618,0.026473313482722523,21,10,5,6,0,0
B-G1.040-C2,7961,11.550832674699905,31,0.9989588667007766,0.9677248677240742,8.722939057215342,1.2007017871470276,0.07433928847658308,29,11,9,3,0,0
B-G1.040-C2,15880,12.16287963779996,31,0.9987089641398448,0.9599778883351873,7.48941701611683,0.8139186292995286,0.023735736060555502,31,19,4,5,0,0
B-G1.040-C2,23799,10.340430302700497,32,1,1,8.662450546620674,1.5058706642307764,0.2899199297261665,24,15,15,4,1,0
B-G1.040-C2,31718,11.460978871900352,31,0.9976974041490442,0.9286195286203683,6.651776092717992,0.7663490850155481,0.03702209893533401,20,10,5,4,0,0
B-G1.040-C2,39637,16.75153999890017,31,0.9998805256869175,0.9962962962962955,8.493401295626896,1.1864954404185826,0.06950419273333315,26,15,7,4,0,0
B-G1.040-C2,47556,30.677955269800577,31,0.9977641235705496,0.9629629629629629,6.750963110174107,0.5765998072881099,0.01167538722261112,17,17,2,8,0,0
B-G1.040-C2,55475,8.81092097210012,31,1,1,8.647712986872293,1.5484863579603596,0.14264185805108398,27,18,14,2,0,0
B-G1.040-C2,63394,22.53703569950042,32,1,1,6.9957430932358875,0.9155773887079165,0.11208508627149984,24,14,14,6,1,0
B-G1.040-C2,71313,22.9411841015999,31,1,1,8.173248378720674,1.2834424989374722,0.15112618180086132,27,21,18,8,1,0
B-G1.040-C3,42,30.839000803699605,31,1,1,7.183255107805451,0.5413821527216115,0.012428688407749999,21,13,2,3,0,0
B-G1.040-C3,7961,13.659426668300057,31,1,1,7.251676166815308,0.616298635838388,0.006579051383416691,31,19,2,7,0,0
B-G1.040-C3,15880,17.93457365750055,31,1,1,6.88534303781595,0.618525796534684,0.015026402592972476,21,9,4,7,1,0
B-G1.040-C3,23799,18.797702221100735,31,1,1,8.27130055451251,1.2313868586993613,0.25144090066655544,24,15,15,7,0,0
B-G1.040-C3,31718,15.200502262600594,32,1,1,6.618541742461333,0.449292952699416,0.012447983711138906,21,8,3,8,7,0
B-G1.040-C3,39637,10.710781287499685,32,0.9999999999999422,0.9999999999981484,6.951294979209586,0.6978269510411396,0.032833835500638946,23,13,8,3,0,0
B-G1.040-C3,47556,17.51897792760019,32,1,1,5.935975341598304,0.5567633830024447,0.03433597538750026,16,8,8,7,4,0
B-G1.040-C3,55475,31.444995525000877,31,0.9951122089831538,0.8521821821814733,7.703642553702662,1.1720934177210038,0.08309856138186376,20,10,8,9,0,0
B-G1.040-C3,63394,22.142778188898802,32,0.9963425925925926,0.8829629629629642,5.733886190552603,0.4272711403806108,0.0064729855341666585,24,14,1,12,0,0
B-G1.040-C3,71313,25.841505241201958,32,1,1,6.967421590967824,0.5257929755563611,0.00571854436175002,27,21,1,6,0,0
B-G1.042-C2,42,24.831149328498668,32,1,1,8.675452913032704,1.368015386809,0.24455922145538864,26,21,20,6,1,0
B-G1.042-C2,7961,11.397052383700611,31,0.9941447197548386,0.8329629629629633,8.639393151389944,1.470749846165251,0.4071235431413044,34,27,27,4,0,0
B-G1.042-C2,15880,25.899106799899528,31,1,1,6.525708865616146,0.4236966951167339,0.006987487314222441,21,12,2,8,0,0
B-G1.042-C2,23799,7.7420876886999395,31,1,1,7.558198847213304,1.0950786165199724,0.06543604356861099,29,24,12,4,0,0
B-G1.042-C2,31718,13.753307488900646,32,0.9979240319865161,0.9335690235685177,7.444449993060743,0.5223739538959439,0.013168040627083427,23,12,2,2,0,0
B-G1.042-C2,39637,22.846112656199693,32,0.9999999999999422,0.9999999999981484,6.380471205067279,0.4023737532091669,0.012612512806388768,22,13,3,4,0,0
B-G1.042-C2,47556,14.1171662181996,31,1,1,7.464359492168544,0.9630690356075833,0.10304416383719443,28,14,14,5,0,0
B-G1.042-C2,55475,11.807818507299771,31,1,1,7.856711998953754,1.0015270441957225,0.050666843458667996,24,12,7,4,0,0
B-G1.042-C2,63394,31.07216077029878,32,0.9994675925925925,0.9829629629629616,7.068488456331118,1.0790321859094723,0.15670303536013908,25,19,19,13,1,0
B-G1.042-C2,71313,13.680186480698922,32,0.9992837690631944,0.97708061002222,7.743288173782497,1.0887213217008889,0.04662596311997226,19,9,6,7,1,0
B-G1.042-C3,42,13.650866948499925,32,1,1,6.245051003272553,0.5931911954902492,0.011005317839055553,26,21,2,6,0,0
B-G1.042-C3,7961,21.633486283700222,32,0.9941191191190971,0.896296296296298,7.366925381260899,0.5176293603748613,0.007271040392472262,24,13,2,5,0,0
B-G1.042-C3,15880,21.65396342130066,31,0.9966547192353644,0.896296296296298,6.721219776229672,0.6178215832715835,0.02358480218969463,21,12,7,4,0,0
B-G1.042-C3,23799,17.505453166899088,32,1,1,6.655746172322861,0.30186285597877704,0.004017502350833348,20,10,1,3,0,0
B-G1.042-C3,31718,16.10699011600036,32,0.9979240319865161,0.9335690235685177,6.339862598360435,0.47949076906450006,0.01478890392083334,23,10,3,4,2,0
B-G1.042-C3,39637,32.51571257780029,32,0.9999999999999422,0.9999999999981484,6.309029008828549,0.6925019537578888,0.035403581833110834,22,9,6,8,0,0
B-G1.042-C3,47556,26.159975168199708,32,1,1,6.93872771548424,0.5133669171104455,0.006764577077083421,28,14,2,7,0,0
B-G1.042-C3,55475,11.031926036499954,32,1,1,6.383772790392585,0.497742080367223,0.019899580205055258,20,14,4,4,0,0
B-G1.042-C3,63394,22.448864854900677,32,1,1,6.813755885654399,0.5785814312867501,0.007542576667583348,25,19,2,2,0,0
B-G1.042-C3,71313,15.40951885279901,32,1,1,7.095018678568348,0.8032538857033894,0.04833086373697212,25,10,9,9,2,0
B-G1.045-C2,42,13.322018632699496,32,1,1,7.49694297292197,1.0902194555188052,0.07993498654697298,21,9,9,4,0,0
B-G1.045-C2,7961,9.598806018199866,31,0.9977299880525687,0.9296296296296305,8.024746858498242,1.3502559022941112,0.13066352850213933,22,17,14,5,0,0
B-G1.045-C2,15880,16.252164020200325,32,1,1,7.3190965104545525,0.8664085062246661,0.06217564376969493,20,14,9,6,0,0
B-G1.045-C2,23799,21.317338732798817,31,1,1,9.544783174949991,1.6926416580096386,0.14590959197391717,24,12,12,4,0,0
B-G1.045-C2,31718,12.531663971799844,32,0.998829007578993,0.9634391534388892,6.996294893172681,0.7765464036838338,0.06170814517766653,19,11,11,4,2,0
B-G1.045-C2,39637,20.93466708409977,32,0.9985083061002314,0.9559694989111113,7.88960581100989,1.4301164311167225,0.1641945264106942,24,16,16,2,0,0
B-G1.045-C2,47556,18.798566157401183,31,0.9965352449223418,0.896296296296298,8.765730254605213,1.4851050129416676,0.10407327063494433,23,10,10,5,0,0
B-G1.045-C2,55475,9.031224044900455,31,1,1,7.3242302684464855,1.2214781022806114,0.18868974974441677,22,17,17,3,0,0
B-G1.045-C2,63394,17.651160601900756,31,1,1,7.193782343927168,0.9049996309198055,0.0755981581006111,16,10,8,4,0,0
B-G1.045-C2,71313,22.49064684429868,31,1,1,7.059806073405408,0.824804109930306,0.042133903937777606,17,11,7,4,0,0
B-G1.045-C3,42,7.349221380499898,31,1,1,6.894462750939865,0.7153260647095275,0.03303179748069457,17,9,5,3,0,0
B-G1.045-C3,7961,11.237388809498952,32,0.9976536195286457,0.9296296296296305,7.525136205654742,0.7714425194217773,0.020169886917555477,29,14,4,4,0,0
B-G1.045-C3,15880,25.993383582401748,32,0.9992864739739583,0.9771671671666674,7.302954663860158,0.48666991377588886,0.011612954372472157,24,14,4,10,0,0
B-G1.045-C3,23799,18.163057454100908,32,0.9975578703703704,0.9218518518518514,7.3415753511486015,0.5989747506448054,0.030389541042333656,18,8,7,13,0,0
B-G1.045-C3,31718,22.049971690801385,31,0.9988206178528674,0.9634391534388892,7.706987392736801,0.4324812064226395,0.004832554788444238,21,11,2,3,0,0
B-G1.045-C3,39637,18.61013143850022,32,0.9988425925925926,0.9629629629629629,7.762346448638484,1.079502738898027,0.12095581340747215,24,16,16,6,0,0
B-G1.045-C3,47556,20.726980806699885,32,0.9965277777777778,0.9296296296296305,6.3836071721479355,0.7855997834826324,0.03201475671969541,18,9,5,9,6,0
B-G1.045-C3,55475,31.19622048469887,32,1,1,7.204854189584355,1.017085787248084,0.1768240565144168,22,17,17,7,2,0
B-G1.045-C3,63394,26.07545760409903,32,1,1,7.313376800809108,0.6648298978979437,0.054167710424250025,23,14,8,4,0,0
B-G1.045-C3,71313,13.796179452001297,32,1,1,7.41091917489658,1.0278347311167777,0.06836022567374989,27,12,8,12,0,0
A-G1.040-C3,79232,15.489813674099423,32,0.9998842592592593,0.9962962962962965,7.958589656354395,0.752014425198333,0.03467119092766729,27,14,9,8,1,0
A-G1.040-C3,87151,23.478717553500246,31,1,1,7.118827018923036,0.6436919076801394,0.03190649242652771,23,10,4,5,0,0
A-G1.040-C3,95070,19.95424353089993,32,1,1,7.753119951114945,1.1016811745061417,0.06784378736458449,21,10,7,11,1,0
A-G1.040-C3,102989,9.948302113500176,32,1,1,8.20250327485709,0.8429329456796385,0.05457204564369428,22,10,6,5,0,0
A-G1.040-C3,110908,26.0541313549013,31,1,1,7.825330875821558,0.9382881718331108,0.03716002188202767,25,14,7,5,0,0
A-G1.040-C3,118827,15.932644665900625,32,1,1,7.8824080010858575,1.2429535425008615,0.07843162621122206,23,10,8,7,0,0
A-G1.040-C3,126746,14.964566614600926,32,0.9994675925925925,0.9829629629629627,7.229324017332054,0.9179795969936939,0.09828827503786083,19,15,12,3,1,0
A-G1.040-C3,134665,8.469139706200167,32,0.9967129629629631,0.896296296296298,7.963493669618239,1.0498799819304179,0.06269751877375175,26,15,8,5,4,0
A-G1.040-C3,142584,18.020761719999882,31,1,1,7.659326153143419,0.8713739038049442,0.037114643378972294,24,11,7,13,2,0
A-G1.040-C3,150503,19.69851981120047,31,0.999301534785424,0.9783475783481461,6.125943433098536,0.5546441746325285,0.025426771950639148,25,7,3,2,0,0
A-G1.040-C3,158422,12.215130329700514,32,1,1,6.330868101896441,0.8552842932736113,0.17353651513855564,20,14,14,3,3,0
A-G1.040-C3,166341,13.03995703540022,31,0.9998805256869773,0.9962962962962955,6.3767858918120846,0.757018025099084,0.05961853122141665,19,9,8,5,0,0
A-G1.040-C3,174260,23.841168448399003,32,0.9976508067473381,0.9429739640629662,7.342498220898211,0.7120452968265837,0.0196390552962776,30,17,3,6,4,0
A-G1.040-C3,182179,31.30769271699978,32,1,1,7.204040298653581,0.7203541213644731,0.061178201037249885,17,10,10,6,2,0
A-G1.040-C3,190098,15.743995997099546,32,1,1,7.911390101073235,1.2199326845734713,0.16483441188625017,26,18,18,8,0,0
A-G1.040-C3,198017,15.399578122500316,32,0.9998842592592593,0.9962962962962965,6.0573363460292216,0.5976803160751947,0.022243658309388934,16,9,3,8,4,0
A-G1.040-C3,205936,25.160085386700672,32,0.9995026585991901,0.984085075174082,6.868194042460782,0.6929644162521111,0.038778112838194496,21,8,5,2,0,0
A-G1.040-C3,213855,18.58754203389958,31,1,1,7.142241036923847,0.7544353605203898,0.03542344656924994,26,12,6,6,0,0
A-G1.040-C3,221774,24.19874861679932,32,1,1,7.5731684338053,0.9752431094721395,0.12071854303200007,20,12,12,7,3,0
A-G1.040-C3,229693,15.097392582500788,31,1,1,7.096540656779729,0.9206340161241953,0.09894838965024995,23,13,13,7,1,0
A-G1.042-C3,79232,28.8457232536,32,0.9988425925925926,0.9629629629629629,8.408610111969425,1.2908802526046939,0.13226110317613854,21,15,15,3,0,0
A-G1.042-C3,87151,24.720470330199987,32,1,1,7.721998916723248,0.7199643716395826,0.02476640147555563,20,12,3,4,0,0
A-G1.042-C3,95070,20.757466861899957,32,0.9963534858387734,0.9196296296296311,6.383951055494257,0.8304898517427495,0.04808964459511106,19,10,5,5,0,0
A-G1.042-C3,102989,13.259642074398926,32,0.995474537037037,0.8922222222222234,8.127862426601945,1.3901517669020274,0.09382768587941628,22,11,10,5,3,0
A-G1.042-C3,110908,24.5070408778995,31,0.9954756919624252,0.9174184085074086,7.042562577852355,0.5258123584231665,0.010265378943749934,27,15,3,3,0,0
A-G1.042-C3,118827,22.061272411000346,31,0.9929226527269419,0.8829739640629702,7.337404636992699,0.8248628624119448,0.023668091340333444,18,11,4,4,0,0
A-G1.042-C3,126746,11.42116737949982,32,1,1,6.467968403283629,0.478813772249194,0.01466171363094443,17,10,3,4,0,0
A-G1.042-C3,134665,10.03960506409976,32,1,1,7.310000698426307,0.7167927916955565,0.033209936581999576,19,10,5,8,1,3
A-G1.042-C3,142584,22.005962840999928,32,0.9979507080609955,0.9381263616555602,7.299193195880027,0.717887193220584,0.02545242940305564,18,16,3,7,2,0
A-G1.042-C3,150503,23.4314299909002,32,1,1,5.723692249893893,0.486620743157028,0.04446210907266656,23,12,2,7,4,1
A-G1.042-C3,158422,20.462234404000128,32,1,1,6.816547625642998,0.8110618349951667,0.1095698544764722,17,13,13,6,0,0
A-G1.042-C3,166341,19.294772338600524,31,1,1,7.55045621800309,1.1700737857122774,0.10149700382836051,21,14,9,5,0,0
A-G1.042-C3,174260,15.703528133400596,32,1,1,7.957699052013399,1.1079217155341952,0.14046524281677758,27,16,16,2,1,0
A-G1.042-C3,182179,15.096844843799431,31,1,1,6.239573399370748,0.36053038299622236,0.004517730363333341,20,7,1,3,0,0
A-G1.042-C3,190098,16.155750318699802,32,0.9976967592592595,0.9262962962963044,7.641986374175452,1.2999275240925097,0.1651487633075602,26,18,18,8,0,0
A-G1.042-C3,198017,10.067647472499402,31,0.9966547192353644,0.8962962962962959,8.30786523901378,1.2910892155543412,0.06502999066391868,29,23,11,4,0,0
A-G1.042-C3,205936,35.29311825590035,32,1,1,7.1004337144955105,0.8406531584456106,0.05162325351991653,23,13,5,7,0,0
A-G1.042-C3,213855,13.74312295800064,32,1,1,6.302105583153475,0.7116989803747981,0.028337375830611976,17,13,5,14,8,0
A-G1.042-C3,221774,26.2509913885998,31,0.9977299880525686,0.9296296296296263,6.708733310448057,0.8620621517781392,0.07963560985261112,27,13,13,5,0,0
A-G1.042-C3,229693,13.704408379400547,31,0.9953370602603941,0.8612689738925938,8.821607952920578,1.5519167289467959,0.15294776105847638,30,18,18,13,0,0
A-G1.045-C3,79232,15.18657395560058,32,0.9998842592592015,0.9962962962962997,7.6525590268140595,0.6148688568339724,0.015757207018277736,27,18,3,7,1,0
A-G1.045-C3,87151,24.525037792300736,32,1,1,6.955778933724711,0.549301669492583,0.023142195767222234,23,8,4,7,0,0
A-G1.045-C3,95070,19.067927279299965,31,0.9954005938228198,0.8574184085074127,7.7456074023259225,1.2300448417759726,0.09642462296366645,21,15,14,9,0,0
A-G1.045-C3,102989,21.203348711500666,32,0.9966947480267362,0.9296296296296305,7.393421114458463,0.7736401816887779,0.0345028226522222,20,13,5,13,4,0
A-G1.045-C3,110908,15.306014088699385,32,0.9987956154684026,0.9614596949888807,6.770892413588667,0.5297382005466938,0.023441001922138993,21,8,4,7,0,0
A-G1.045-C3,118827,18.974261320500545,31,0.999952210274791,0.9985185185185199,6.022850491421329,0.4953290449318896,0.019370416203805467,15,8,5,2,0,0
A-G1.045-C3,126746,17.290818426900614,32,1,1,5.794707397410059,0.491031798353972,0.015241512345583269,18,11,5,9,1,0
A-G1.045-C3,134665,26.2400787048,31,0.9994866153281962,0.984085075174082,8.811733309572187,1.565686534607695,0.2379870370541947,21,19,19,7,0,0
A-G1.045-C3,142584,10.225131109600625,31,1,1,7.499959240981816,0.4914720088869015,0.012020135084055791,24,14,3,3,0,0
A-G1.045-C3,150503,27.28903264999991,31,1,1,6.557877794891216,0.6168266954964722,0.015098151655444668,17,10,4,5,0,0
A-G1.045-C3,158422,16.866114172798945,31,1,1,7.41901724314915,0.8171852192578323,0.025002910334916667,23,17,6,6,4,0
A-G1.045-C3,166341,17.92165424539985,32,1,1,7.0207679987408405,0.3837130724378326,0,20,15,0,9,0,0
A-G1.045-C3,174260,25.13991776200055,31,1,1,7.945187758521088,0.7927035934925011,0.03540266420338905,24,9,6,12,0,0
A-G1.045-C3,182179,14.541328252599783,31,0.9952779807681004,0.8618518518518512,7.271559007736919,0.9201403515994727,0.05983163012841661,21,12,9,13,0,0
A-G1.045-C3,190098,20.076802897899597,32,1,1,9.527757192158981,1.5928376906222785,0.1304542237734171,36,21,12,20,11,0
A-G1.045-C3,198017,20.804900343300005,31,1,1,7.187769421304945,0.5072954373322496,0.01154721948513889,18,11,3,12,0,0
A-G1.045-C3,205936,29.70736523209949,32,0.9999537037037037,0.9985185185185199,6.946552929466773,1.041166207672916,0.05311775290711127,26,18,5,3,0,0
A-G1.045-C3,213855,17.281931485099904,32,0.998636495599537,0.9584322186259231,6.635116155636875,0.621635514184416,0.03130805408586116,21,14,6,7,1,0
A-G1.045-C3,221774,12.895222172200647,32,1,1,7.3642234992128435,0.9317404143722231,0.05199568873669433,25,12,12,4,0,0
A-G1.045-C3,229693,26.22369101480035,32,1,1,8.439731884813773,1.3939470394936107,0.3667299973565555,30,27,27,6,0,0
