candidate,seed,rank,start,end,observedEnd,startE,startQ,exitE,exitQ,censored
A-G1.040-C2,42,0,0,722.8496115295,722.8496115295,10,6,26,19,False
A-G1.040-C2,42,1,722.8496115295,1387.2084230983,1387.2084230983,26,19,42,35,False
A-G1.040-C2,42,2,1387.2084230983,2160.0735719113,2160.0735719113,42,35,74,67,False
A-G1.040-C2,42,3,2160.0735719113,,3600,74,67,,,True
A-G1.040-C2,7961,0,0,726.4062665374,726.4062665374,10,6,24,17,False
A-G1.040-C2,7961,1,726.4062665374,1508.9690187685,1508.9690187685,24,17,47,39,False
A-G1.040-C2,7961,2,1508.9690187685,2271.5657289577,2271.5657289577,47,39,79,73,False
A-G1.040-C2,7961,3,2271.5657289577,,3600,79,73,,,True
A-G1.040-C2,15880,0,0,1071.8030932154,1071.8030932154,10,6,26,19,False
A-G1.040-C2,15880,1,1071.8030932154,1633.652096939,1633.652096939,26,19,45,38,False
A-G1.040-C2,15880,2,1633.652096939,2733.4864448731,2733.4864448731,45,38,81,75,False
A-G1.040-C2,15880,3,2733.4864448731,,3600,81,75,,,True
A-G1.040-C2,23799,0,0,489.4066542503,489.4066542503,10,6,24,16,False
A-G1.040-C2,23799,1,489.4066542503,1300.4892762546,1300.4892762546,24,16,46,38,False
A-G1.040-C2,23799,2,1300.4892762546,2060.6328299313,2060.6328299313,46,38,76,70,False
A-G1.040-C2,23799,3,2060.6328299313,,3600,76,70,,,True
A-G1.040-C2,31718,0,0,1072.9272893887,1072.9272893887,10,6,26,19,False
A-G1.040-C2,31718,1,1072.9272893887,1744.9018080741,1744.9018080741,26,19,50,42,False
A-G1.040-C2,31718,2,1744.9018080741,2520.9205692727,2520.9205692727,50,42,73,67,False
A-G1.040-C2,31718,3,2520.9205692727,,3600,73,67,,,True
A-G1.040-C2,39637,0,0,831.4473029828,831.4473029828,10,6,27,20,False
A-G1.040-C2,39637,1,831.4473029828,1737.8114508508,1737.8114508508,27,20,47,39,False
A-G1.040-C2,39637,2,1737.8114508508,2627.199118243,2627.199118243,47,39,79,72,False
A-G1.040-C2,39637,3,2627.199118243,,3600,79,72,,,True
A-G1.040-C2,47556,0,0,827.1659919075,827.1659919075,10,6,30,23,False
A-G1.040-C2,47556,1,827.1659919075,1273.986385211,1273.986385211,30,23,46,38,False
A-G1.040-C2,47556,2,1273.986385211,2064.3364100215,2064.3364100215,46,38,75,69,False
A-G1.040-C2,47556,3,2064.3364100215,,3600,75,69,,,True
A-G1.040-C2,55475,0,0,969.1352171511,969.1352171511,10,6,28,21,False
A-G1.040-C2,55475,1,969.1352171511,1976.5092616343,1976.5092616343,28,21,49,41,False
A-G1.040-C2,55475,2,1976.5092616343,2873.3382246532,2873.3382246532,49,41,74,67,False
A-G1.040-C2,55475,3,2873.3382246532,,3600,74,67,,,True
A-G1.040-C2,63394,0,0,829.559212727,829.559212727,10,6,26,19,False
A-G1.040-C2,63394,1,829.559212727,1725.0887230941,1725.0887230941,26,19,45,38,False
A-G1.040-C2,63394,2,1725.0887230941,2629.7633038006,2629.7633038006,45,38,78,72,False
A-G1.040-C2,63394,3,2629.7633038006,,3600,78,72,,,True
A-G1.040-C2,71313,0,0,719.730213199,719.730213199,10,6,26,19,False
A-G1.040-C2,71313,1,719.730213199,1841.8280039181,1841.8280039181,26,19,47,40,False
A-G1.040-C2,71313,2,1841.8280039181,2610.7183999309,2610.7183999309,47,40,76,70,False
A-G1.040-C2,71313,3,2610.7183999309,,3600,76,70,,,True
A-G1.040-C3,42,0,0,834.0827158051,834.0827158051,10,6,28,21,False
A-G1.040-C3,42,1,834.0827158051,1393.2416698445,1393.2416698445,28,21,45,38,False
A-G1.040-C3,42,2,1393.2416698445,2385.5452813429,2385.5452813429,45,38,84,78,False
A-G1.040-C3,42,3,2385.5452813429,,3599.9999999999,84,78,,,True
A-G1.040-C3,7961,0,0,837.804352439,837.804352439,10,6,26,19,False
A-G1.040-C3,7961,1,837.804352439,1621.3869308433,1621.3869308433,26,19,47,39,False
A-G1.040-C3,7961,2,1621.3869308433,2276.5301602175,2276.5301602175,47,39,83,76,False
A-G1.040-C3,7961,3,2276.5301602175,,3600,83,76,,,True
A-G1.040-C3,15880,0,0,1078.3496812337,1078.3496812337,10,6,31,23,False
A-G1.040-C3,15880,1,1078.3496812337,1731.0900356365,1731.0900356365,31,23,51,44,False
A-G1.040-C3,15880,2,1731.0900356365,2285.1886304031,2285.1886304031,51,44,73,67,False
A-G1.040-C3,15880,3,2285.1886304031,,3600,73,67,,,True
A-G1.040-C3,23799,0,0,489.4066542503,489.4066542503,10,6,24,16,False
A-G1.040-C3,23799,1,489.4066542503,1186.4336440707,1186.4336440707,24,16,46,39,False
A-G1.040-C3,23799,2,1186.4336440707,1841.2800379196,1841.2800379196,46,39,73,66,False
A-G1.040-C3,23799,3,1841.2800379196,,3600,73,66,,,True
A-G1.040-C3,31718,0,0,1063.3964402517,1063.3964402517,10,6,33,26,False
A-G1.040-C3,31718,1,1063.3964402517,1620.5196810157,1620.5196810157,33,26,51,43,False
A-G1.040-C3,31718,2,1620.5196810157,2267.8889321985,2267.8889321985,51,43,74,68,False
A-G1.040-C3,31718,3,2267.8889321985,,3600,74,68,,,True
A-G1.040-C3,39637,0,0,711.3490157627,711.3490157627,10,6,27,20,False
A-G1.040-C3,39637,1,711.3490157627,1366.3486486148,1366.3486486148,27,20,51,43,False
A-G1.040-C3,39637,2,1366.3486486148,2239.448718946,2239.448718946,51,43,79,73,False
A-G1.040-C3,39637,3,2239.448718946,,3600,79,73,,,True
A-G1.040-C3,47556,0,0,705.7615390393,705.7615390393,10,6,27,20,False
A-G1.040-C3,47556,1,705.7615390393,1473.678945552,1473.678945552,27,20,51,44,False
A-G1.040-C3,47556,2,1473.678945552,2017.0230201412,2017.0230201412,51,44,76,69,False
A-G1.040-C3,47556,3,2017.0230201412,,3600,76,69,,,True
A-G1.040-C3,55475,0,0,836.5487779368,836.5487779368,10,6,28,21,False
A-G1.040-C3,55475,1,836.5487779368,1402.2848600755,1402.2848600755,28,21,46,38,False
A-G1.040-C3,55475,2,1402.2848600755,2062.854860999,2062.854860999,46,38,73,66,False
A-G1.040-C3,55475,3,2062.854860999,,3600,73,66,,,True
A-G1.040-C3,63394,0,0,710.5295957953,710.5295957953,10,6,27,20,False
A-G1.040-C3,63394,1,710.5295957953,1737.6294994413,1737.6294994413,27,20,50,42,False
A-G1.040-C3,63394,2,1737.6294994413,2732.7537558606,2732.7537558606,50,42,79,73,False
A-G1.040-C3,63394,3,2732.7537558606,,3600,79,73,,,True
A-G1.040-C3,71313,0,0,828.4385465323,828.4385465323,10,6,28,21,False
A-G1.040-C3,71313,1,828.4385465323,1497.860942141,1497.860942141,28,21,47,39,False
A-G1.040-C3,71313,2,1497.860942141,2148.9719624403,2148.9719624403,47,39,72,66,False
A-G1.040-C3,71313,3,2148.9719624403,,3599.9999999999,72,66,,,True
A-G1.042-C2,42,0,0,717.0433286666,717.0433286666,10,6,26,19,False
A-G1.042-C2,42,1,717.0433286666,1387.7066229888,1387.7066229888,26,19,45,38,False
A-G1.042-C2,42,2,1387.7066229888,2371.9942494683,2371.9942494683,45,38,79,73,False
A-G1.042-C2,42,3,2371.9942494683,,3600,79,73,,,True
A-G1.042-C2,7961,0,0,949.5848980934,949.5848980934,10,6,27,20,False
A-G1.042-C2,7961,1,949.5848980934,1732.7890099338,1732.7890099338,27,20,43,35,False
A-G1.042-C2,7961,2,1732.7890099338,2843.7943401846,2843.7943401846,43,35,75,69,False
A-G1.042-C2,7961,3,2843.7943401846,,3600,75,69,,,True
A-G1.042-C2,15880,0,0,949.0868026965,949.0868026965,10,6,26,18,False
A-G1.042-C2,15880,1,949.0868026965,1957.2841052823,1957.2841052823,26,18,47,40,False
A-G1.042-C2,15880,2,1957.2841052823,2731.4242410047,2731.4242410047,47,40,73,67,False
A-G1.042-C2,15880,3,2731.4242410047,,3600,73,67,,,True
A-G1.042-C2,23799,0,0,957.5005895408,957.5005895408,10,6,25,18,False
A-G1.042-C2,23799,1,957.5005895408,1762.8280785476,1762.8280785476,25,18,47,40,False
A-G1.042-C2,23799,2,1762.8280785476,2756.1946392936,2756.1946392936,47,40,76,69,False
A-G1.042-C2,23799,3,2756.1946392936,,3600,76,69,,,True
A-G1.042-C2,31718,0,0,951.7340382818,951.7340382818,10,6,26,19,False
A-G1.042-C2,31718,1,951.7340382818,1501.2768920179,1501.2768920179,26,19,44,36,False
A-G1.042-C2,31718,2,1501.2768920179,2272.7371550685,2272.7371550685,44,36,73,66,False
A-G1.042-C2,31718,3,2272.7371550685,,3600,73,66,,,True
A-G1.042-C2,39637,0,0,938.6550599226,938.6550599226,10,6,26,19,False
A-G1.042-C2,39637,1,938.6550599226,1504.0587473489,1504.0587473489,26,19,42,35,False
A-G1.042-C2,39637,2,1504.0587473489,2402.2830594213,2402.2830594213,42,35,72,65,False
A-G1.042-C2,39637,3,2402.2830594213,,3599.9999999999,72,65,,,True
A-G1.042-C2,47556,0,0,1047.4404572308,1047.4404572308,10,6,31,23,False
A-G1.042-C2,47556,1,1047.4404572308,1609.1008906746,1609.1008906746,31,23,42,35,False
A-G1.042-C2,47556,2,1609.1008906746,2700.7650419456,2700.7650419456,42,35,76,70,False
A-G1.042-C2,47556,3,2700.7650419456,,3600,76,70,,,True
A-G1.042-C2,55475,0,0,954.8164125941,954.8164125941,10,6,27,20,False
A-G1.042-C2,55475,1,954.8164125941,1858.7801379211,1858.7801379211,27,20,45,38,False
A-G1.042-C2,55475,2,1858.7801379211,2732.2321833603,2732.2321833603,45,38,76,69,False
A-G1.042-C2,55475,3,2732.2321833603,,3600,76,69,,,True
A-G1.042-C2,63394,0,0,605.7577821293,605.7577821293,10,6,25,17,False
A-G1.042-C2,63394,1,605.7577821293,1605.7826197478,1605.7826197478,25,17,46,39,False
A-G1.042-C2,63394,2,1605.7826197478,2478.8727438969,2478.8727438969,46,39,75,69,False
A-G1.042-C2,63394,3,2478.8727438969,,3600,75,69,,,True
A-G1.042-C2,71313,0,0,950.2285206743,950.2285206743,10,6,28,21,False
A-G1.042-C2,71313,1,950.2285206743,1942.0114838103,1942.0114838103,28,21,50,43,False
A-G1.042-C2,71313,2,1942.0114838103,2622.0032318748,2622.0032318748,50,43,72,65,False
A-G1.042-C2,71313,3,2622.0032318748,,3600,72,65,,,True
A-G1.042-C3,42,0,0,825.3178384705,825.3178384705,10,6,27,20,False
A-G1.042-C3,42,1,825.3178384705,1589.1961047912,1589.1961047912,27,20,48,40,False
A-G1.042-C3,42,2,1589.1961047912,2265.6876035535,2265.6876035535,48,40,73,66,False
A-G1.042-C3,42,3,2265.6876035535,,3599.9999999999,73,66,,,True
A-G1.042-C3,7961,0,0,835.0142375793,835.0142375793,10,6,26,18,False
A-G1.042-C3,7961,1,835.0142375793,1511.574063759,1511.574063759,26,18,51,44,False
A-G1.042-C3,7961,2,1511.574063759,2078.1180328716,2078.1180328716,51,44,76,70,False
A-G1.042-C3,7961,3,2078.1180328716,,3600,76,70,,,True
A-G1.042-C3,15880,0,0,831.7360363032,831.7360363032,10,6,26,19,False
A-G1.042-C3,15880,1,831.7360363032,1402.0572633533,1402.0572633533,26,19,46,39,False
A-G1.042-C3,15880,2,1402.0572633533,2192.1935598875,2192.1935598875,46,39,72,65,False
A-G1.042-C3,15880,3,2192.1935598875,,3599.9999999999,72,65,,,True
A-G1.042-C3,23799,0,0,835.7106789607,835.7106789607,10,6,26,19,False
A-G1.042-C3,23799,1,835.7106789607,1612.6240436868,1612.6240436868,26,19,47,40,False
A-G1.042-C3,23799,2,1612.6240436868,2615.2794199967,2615.2794199967,47,40,83,77,False
A-G1.042-C3,23799,3,2615.2794199967,,3600,83,77,,,True
A-G1.042-C3,31718,0,0,828.4200299724,828.4200299724,10,6,26,19,False
A-G1.042-C3,31718,1,828.4200299724,1619.1067483161,1619.1067483161,26,19,47,40,False
A-G1.042-C3,31718,2,1619.1067483161,2599.2400452538,2599.2400452538,47,40,82,76,False
A-G1.042-C3,31718,3,2599.2400452538,,3600,82,76,,,True
A-G1.042-C3,39637,0,0,822.4154804257,822.4154804257,10,6,26,19,False
A-G1.042-C3,39637,1,822.4154804257,1263.4383407175,1263.4383407175,26,19,42,35,False
A-G1.042-C3,39637,2,1263.4383407175,2025.0932098843,2025.0932098843,42,35,73,66,False
A-G1.042-C3,39637,3,2025.0932098843,,3600,73,66,,,True
A-G1.042-C3,47556,0,0,702.4296104259,702.4296104259,10,6,27,20,False
A-G1.042-C3,47556,1,702.4296104259,1808.3900349276,1808.3900349276,27,20,53,46,False
A-G1.042-C3,47556,2,1808.3900349276,2680.1321068026,2680.1321068026,53,46,76,69,False
A-G1.042-C3,47556,3,2680.1321068026,,3600,76,69,,,True
A-G1.042-C3,55475,0,0,834.5155562426,834.5155562426,10,6,26,19,False
A-G1.042-C3,55475,1,834.5155562426,1620.1914616263,1620.1914616263,26,19,44,37,False
A-G1.042-C3,55475,2,1620.1914616263,2700.538128135,2700.538128135,44,37,80,74,False
A-G1.042-C3,55475,3,2700.538128135,,3600,80,74,,,True
A-G1.042-C3,63394,0,0,723.8077821293,723.8077821293,10,6,26,19,False
A-G1.042-C3,63394,1,723.8077821293,1496.161098206,1496.161098206,26,19,44,37,False
A-G1.042-C3,63394,2,1496.161098206,2498.4633189592,2498.4633189592,44,37,79,73,False
A-G1.042-C3,63394,3,2498.4633189592,,3600,79,73,,,True
A-G1.042-C3,71313,0,0,827.8257778333,827.8257778333,10,6,27,20,False
A-G1.042-C3,71313,1,827.8257778333,1605.3500595439,1605.3500595439,27,20,48,41,False
A-G1.042-C3,71313,2,1605.3500595439,2509.7405261968,2509.7405261968,48,41,78,72,False
A-G1.042-C3,71313,3,2509.7405261968,,3599.9999999999,78,72,,,True
A-G1.045-C2,42,0,0,952.4451865709,952.4451865709,10,6,25,18,False
A-G1.045-C2,42,1,952.4451865709,1601.6685329797,1601.6685329797,25,18,43,36,False
A-G1.045-C2,42,2,1601.6685329797,2375.115250517,2375.115250517,43,36,73,67,False
A-G1.045-C2,42,3,2375.115250517,,3599.9999999999,73,67,,,True
A-G1.045-C2,7961,0,0,723.9213171848,723.9213171848,10,6,24,17,False
A-G1.045-C2,7961,1,723.9213171848,1737.342915692,1737.342915692,24,17,43,37,False
A-G1.045-C2,7961,2,1737.342915692,2737.8130770175,2737.8130770175,43,37,74,68,False
A-G1.045-C2,7961,3,2737.8130770175,,3600,74,68,,,True
A-G1.045-C2,15880,0,0,940.2956857137,940.2956857137,10,6,25,18,False
A-G1.045-C2,15880,1,940.2956857137,1603.8029228645,1603.8029228645,25,18,43,36,False
A-G1.045-C2,15880,2,1603.8029228645,2495.7968444629,2495.7968444629,43,36,72,66,False
A-G1.045-C2,15880,3,2495.7968444629,,3600,72,66,,,True
A-G1.045-C2,23799,0,0,957.3285995347,957.3285995347,10,6,27,20,False
A-G1.045-C2,23799,1,957.3285995347,1743.6918838238,1743.6918838238,27,20,49,43,False
A-G1.045-C2,23799,2,1743.6918838238,2949.1327361874,2949.1327361874,49,43,77,71,False
A-G1.045-C2,23799,3,2949.1327361874,,3600,77,71,,,True
A-G1.045-C2,31718,0,0,946.0397816946,946.0397816946,10,6,27,20,False
A-G1.045-C2,31718,1,946.0397816946,1609.266754242,1609.266754242,27,20,43,37,False
A-G1.045-C2,31718,2,1609.266754242,2375.0979950561,2375.0979950561,43,37,72,66,False
A-G1.045-C2,31718,3,2375.0979950561,,3600,72,66,,,True
A-G1.045-C2,39637,0,0,827.7548932006,827.7548932006,10,6,28,21,False
A-G1.045-C2,39637,1,827.7548932006,1724.359249167,1724.359249167,28,21,48,41,False
A-G1.045-C2,39637,2,1724.359249167,2707.764634361,2707.764634361,48,41,74,68,False
A-G1.045-C2,39637,3,2707.764634361,,3599.9999999999,74,68,,,True
A-G1.045-C2,47556,0,0,1073.7504377669,1073.7504377669,10,6,26,19,False
A-G1.045-C2,47556,1,1073.7504377669,1622.1227667398,1622.1227667398,26,19,44,37,False
A-G1.045-C2,47556,2,1622.1227667398,2518.0252341802,2518.0252341802,44,37,72,66,False
A-G1.045-C2,47556,3,2518.0252341802,,3599.9999999999,72,66,,,True
A-G1.045-C2,55475,0,0,933.5845929847,933.5845929847,10,6,28,21,False
A-G1.045-C2,55475,1,933.5845929847,1712.8048714195,1712.8048714195,28,21,47,40,False
A-G1.045-C2,55475,2,1712.8048714195,2700.9905508103,2700.9905508103,47,40,72,65,False
A-G1.045-C2,55475,3,2700.9905508103,,3599.9999999999,72,65,,,True
A-G1.045-C2,63394,0,0,825.2790802196,825.2790802196,10,6,25,18,False
A-G1.045-C2,63394,1,825.2790802196,1606.1412318407,1606.1412318407,25,18,47,40,False
A-G1.045-C2,63394,2,1606.1412318407,2933.300028169,2933.300028169,47,40,77,70,False
A-G1.045-C2,63394,3,2933.300028169,,3600,77,70,,,True
A-G1.045-C2,71313,0,0,955.1883394551,955.1883394551,10,6,27,20,False
A-G1.045-C2,71313,1,955.1883394551,1746.0262804147,1746.0262804147,27,20,46,39,False
A-G1.045-C2,71313,2,1746.0262804147,2772.4236870271,2772.4236870271,46,39,74,68,False
A-G1.045-C2,71313,3,2772.4236870271,,3600,74,68,,,True
A-G1.045-C3,42,0,0,835.7422112941,835.7422112941,10,6,25,18,False
A-G1.045-C3,42,1,835.7422112941,2063.9127603129,2063.9127603129,25,18,50,43,False
A-G1.045-C3,42,2,2063.9127603129,3038.0476745869,3038.0476745869,50,43,76,70,False
A-G1.045-C3,42,3,3038.0476745869,,3600,76,70,,,True
A-G1.045-C3,7961,0,0,1170.1684504783,1170.1684504783,10,6,32,25,False
A-G1.045-C3,7961,1,1170.1684504783,1725.9679683271,1725.9679683271,32,25,45,39,False
A-G1.045-C3,7961,2,1725.9679683271,2606.8037443873,2606.8037443873,45,39,72,66,False
A-G1.045-C3,7961,3,2606.8037443873,,3600,72,66,,,True
A-G1.045-C3,15880,0,0,825.7405318385,825.7405318385,10,6,27,21,False
A-G1.045-C3,15880,1,825.7405318385,1825.3586497226,1825.3586497226,27,21,52,46,False
A-G1.045-C3,15880,2,1825.3586497226,2701.0713780453,2701.0713780453,52,46,77,71,False
A-G1.045-C3,15880,3,2701.0713780453,,3600,77,71,,,True
A-G1.045-C3,23799,0,0,830.4285995347,830.4285995347,10,6,27,20,False
A-G1.045-C3,23799,1,830.4285995347,1611.6115845179,1611.6115845179,27,20,43,36,False
A-G1.045-C3,23799,2,1611.6115845179,2614.9426925173,2614.9426925173,43,36,80,73,False
A-G1.045-C3,23799,3,2614.9426925173,,3600,80,73,,,True
A-G1.045-C3,31718,0,0,829.2089003007,829.2089003007,10,6,27,20,False
A-G1.045-C3,31718,1,829.2089003007,1513.8374520422,1513.8374520422,27,20,47,40,False
A-G1.045-C3,31718,2,1513.8374520422,2491.7744460735,2491.7744460735,47,40,79,73,False
A-G1.045-C3,31718,3,2491.7744460735,,3600,79,73,,,True
A-G1.045-C3,39637,0,0,711.9765871543,711.9765871543,10,6,28,21,False
A-G1.045-C3,39637,1,711.9765871543,1286.0346986341,1286.0346986341,28,21,44,37,False
A-G1.045-C3,39637,2,1286.0346986341,2162.2124422534,2162.2124422534,44,37,74,68,False
A-G1.045-C3,39637,3,2162.2124422534,,3600,74,68,,,True
A-G1.045-C3,47556,0,0,711.4860892143,711.4860892143,10,6,26,19,False
A-G1.045-C3,47556,1,711.4860892143,1504.9172208765,1504.9172208765,26,19,47,40,False
A-G1.045-C3,47556,2,1504.9172208765,2615.7839854532,2615.7839854532,47,40,79,73,False
A-G1.045-C3,47556,3,2615.7839854532,,3600,79,73,,,True
A-G1.045-C3,55475,0,0,815.9096241561,815.9096241561,10,6,28,21,False
A-G1.045-C3,55475,1,815.9096241561,1470.8859812537,1470.8859812537,28,21,50,43,False
A-G1.045-C3,55475,2,1470.8859812537,2459.484133621,2459.484133621,50,43,81,74,False
A-G1.045-C3,55475,3,2459.484133621,,3600,81,74,,,True
A-G1.045-C3,63394,0,0,710.4669776804,710.4669776804,10,6,26,19,False
A-G1.045-C3,63394,1,710.4669776804,1376.9296617013,1376.9296617013,26,19,48,42,False
A-G1.045-C3,63394,2,1376.9296617013,2385.6338105798,2385.6338105798,48,42,76,70,False
A-G1.045-C3,63394,3,2385.6338105798,,3600,76,70,,,True
A-G1.045-C3,71313,0,0,836.4178151584,836.4178151584,10,6,27,20,False
A-G1.045-C3,71313,1,836.4178151584,1496.2610586466,1496.2610586466,27,20,46,40,False
A-G1.045-C3,71313,2,1496.2610586466,2604.8316880545,2604.8316880545,46,40,78,71,False
A-G1.045-C3,71313,3,2604.8316880545,,3600,78,71,,,True
B-G1.040-C2,42,0,0,722.8496115295,722.8496115295,10,6,26,19,False
B-G1.040-C2,42,1,722.8496115295,1387.2084230983,1387.2084230983,26,19,42,35,False
B-G1.040-C2,42,2,1387.2084230983,2383.8450377968,2383.8450377968,42,35,79,73,False
B-G1.040-C2,42,3,2383.8450377968,,3600,79,73,,,True
B-G1.040-C2,7961,0,0,726.4062665374,726.4062665374,10,6,24,17,False
B-G1.040-C2,7961,1,726.4062665374,1508.9690187685,1508.9690187685,24,17,47,39,False
B-G1.040-C2,7961,2,1508.9690187685,2289.1008963147,2289.1008963147,47,39,81,74,False
B-G1.040-C2,7961,3,2289.1008963147,,3600,81,74,,,True
B-G1.040-C2,15880,0,0,1071.8030932154,1071.8030932154,10,6,26,19,False
B-G1.040-C2,15880,1,1071.8030932154,1633.652096939,1633.652096939,26,19,45,38,False
B-G1.040-C2,15880,2,1633.652096939,2751.149434464,2751.149434464,45,38,81,74,False
B-G1.040-C2,15880,3,2751.149434464,,3600,81,74,,,True
B-G1.040-C2,23799,0,0,489.4066542503,489.4066542503,10,6,24,16,False
B-G1.040-C2,23799,1,489.4066542503,1300.4892762546,1300.4892762546,24,16,46,38,False
B-G1.040-C2,23799,2,1300.4892762546,2950.4574263768,2950.4574263768,46,38,91,85,False
B-G1.040-C2,23799,3,2950.4574263768,,3600,91,85,,,True
B-G1.040-C2,31718,0,0,1072.9272893887,1072.9272893887,10,6,26,19,False
B-G1.040-C2,31718,1,1072.9272893887,1744.9018080741,1744.9018080741,26,19,50,42,False
B-G1.040-C2,31718,2,1744.9018080741,2967.440623288,2967.440623288,50,42,83,77,False
B-G1.040-C2,31718,3,2967.440623288,,3599.9999999999,83,77,,,True
B-G1.040-C2,39637,0,0,831.4473029828,831.4473029828,10,6,27,20,False
B-G1.040-C2,39637,1,831.4473029828,1737.8114508508,1737.8114508508,27,20,47,39,False
B-G1.040-C2,39637,2,1737.8114508508,2519.9629274777,2519.9629274777,47,39,78,72,False
B-G1.040-C2,39637,3,2519.9629274777,,3600,78,72,,,True
B-G1.040-C2,47556,0,0,827.1659919075,827.1659919075,10,6,30,23,False
B-G1.040-C2,47556,1,827.1659919075,1273.986385211,1273.986385211,30,23,46,38,False
B-G1.040-C2,47556,2,1273.986385211,2299.0863763429,2299.0863763429,46,38,79,73,False
B-G1.040-C2,47556,3,2299.0863763429,,3600,79,73,,,True
B-G1.040-C2,55475,0,0,969.1352171511,969.1352171511,10,6,28,21,False
B-G1.040-C2,55475,1,969.1352171511,1976.5092616343,1976.5092616343,28,21,49,41,False
B-G1.040-C2,55475,2,1976.5092616343,2869.1936867424,2869.1936867424,49,41,78,72,False
B-G1.040-C2,55475,3,2869.1936867424,,3600,78,72,,,True
B-G1.040-C2,63394,0,0,829.559212727,829.559212727,10,6,26,19,False
B-G1.040-C2,63394,1,829.559212727,1725.0887230941,1725.0887230941,26,19,45,38,False
B-G1.040-C2,63394,2,1725.0887230941,2593.85124384,2593.85124384,45,38,80,74,False
B-G1.040-C2,63394,3,2593.85124384,,3600,80,74,,,True
B-G1.040-C2,71313,0,0,719.730213199,719.730213199,10,6,26,19,False
B-G1.040-C2,71313,1,719.730213199,1841.8280039181,1841.8280039181,26,19,47,40,False
B-G1.040-C2,71313,2,1841.8280039181,2713.4095131539,2713.4095131539,47,40,82,75,False
B-G1.040-C2,71313,3,2713.4095131539,,3600,82,75,,,True
B-G1.040-C3,42,0,0,834.0827158051,834.0827158051,10,6,28,21,False
B-G1.040-C3,42,1,834.0827158051,1393.2416698445,1393.2416698445,28,21,45,38,False
B-G1.040-C3,42,2,1393.2416698445,2179.5627156105,2179.5627156105,45,38,81,74,False
B-G1.040-C3,42,3,2179.5627156105,,3600,81,74,,,True
B-G1.040-C3,7961,0,0,837.804352439,837.804352439,10,6,26,19,False
B-G1.040-C3,7961,1,837.804352439,1621.3869308433,1621.3869308433,26,19,47,39,False
B-G1.040-C3,7961,2,1621.3869308433,2626.657188477,2626.657188477,47,39,84,77,False
B-G1.040-C3,7961,3,2626.657188477,,3600,84,77,,,True
B-G1.040-C3,15880,0,0,1078.3496812337,1078.3496812337,10,6,31,23,False
B-G1.040-C3,15880,1,1078.3496812337,1731.0900356365,1731.0900356365,31,23,51,44,False
B-G1.040-C3,15880,2,1731.0900356365,2730.4216589421,2730.4216589421,51,44,86,79,False
B-G1.040-C3,15880,3,2730.4216589421,,3599.9999999999,86,79,,,True
B-G1.040-C3,23799,0,0,489.4066542503,489.4066542503,10,6,24,16,False
B-G1.040-C3,23799,1,489.4066542503,1186.4336440707,1186.4336440707,24,16,46,39,False
B-G1.040-C3,23799,2,1186.4336440707,2277.5937359069,2277.5937359069,46,39,84,78,False
B-G1.040-C3,23799,3,2277.5937359069,,3600,84,78,,,True
B-G1.040-C3,31718,0,0,1063.3964402517,1063.3964402517,10,6,33,26,False
B-G1.040-C3,31718,1,1063.3964402517,1620.5196810157,1620.5196810157,33,26,51,43,False
B-G1.040-C3,31718,2,1620.5196810157,2601.6287042673,2601.6287042673,51,43,85,79,False
B-G1.040-C3,31718,3,2601.6287042673,,3600,85,79,,,True
B-G1.040-C3,39637,0,0,711.3490157627,711.3490157627,10,6,27,20,False
B-G1.040-C3,39637,1,711.3490157627,1366.3486486148,1366.3486486148,27,20,51,43,False
B-G1.040-C3,39637,2,1366.3486486148,2347.0133839385,2347.0133839385,51,43,86,80,False
B-G1.040-C3,39637,3,2347.0133839385,,3600,86,80,,,True
B-G1.040-C3,47556,0,0,705.7615390393,705.7615390393,10,6,27,20,False
B-G1.040-C3,47556,1,705.7615390393,1473.678945552,1473.678945552,27,20,51,44,False
B-G1.040-C3,47556,2,1473.678945552,2482.1059431778,2482.1059431778,51,44,82,75,False
B-G1.040-C3,47556,3,2482.1059431778,,3600,82,75,,,True
B-G1.040-C3,55475,0,0,836.5487779368,836.5487779368,10,6,28,21,False
B-G1.040-C3,55475,1,836.5487779368,1402.2848600755,1402.2848600755,28,21,46,38,False
B-G1.040-C3,55475,2,1402.2848600755,2504.0725332871,2504.0725332871,46,38,81,74,False
B-G1.040-C3,55475,3,2504.0725332871,,3599.9999999999,81,74,,,True
B-G1.040-C3,63394,0,0,710.5295957953,710.5295957953,10,6,27,20,False
B-G1.040-C3,63394,1,710.5295957953,1737.6294994413,1737.6294994413,27,20,50,42,False
B-G1.040-C3,63394,2,1737.6294994413,2845.9521191389,2845.9521191389,50,42,83,76,False
B-G1.040-C3,63394,3,2845.9521191389,,3600,83,76,,,True
B-G1.040-C3,71313,0,0,828.4385465323,828.4385465323,10,6,28,21,False
B-G1.040-C3,71313,1,828.4385465323,1497.860942141,1497.860942141,28,21,47,39,False
B-G1.040-C3,71313,2,1497.860942141,2583.7097688811,2583.7097688811,47,39,84,78,False
B-G1.040-C3,71313,3,2583.7097688811,,3600,84,78,,,True
B-G1.042-C2,42,0,0,717.0433286666,717.0433286666,10,6,26,19,False
B-G1.042-C2,42,1,717.0433286666,1387.7066229888,1387.7066229888,26,19,45,38,False
B-G1.042-C2,42,2,1387.7066229888,2708.4833008583,2708.4833008583,45,38,84,77,False
B-G1.042-C2,42,3,2708.4833008583,,3600,84,77,,,True
B-G1.042-C2,7961,0,0,949.5848980934,949.5848980934,10,6,27,20,False
B-G1.042-C2,7961,1,949.5848980934,1732.7890099338,1732.7890099338,27,20,43,35,False
B-G1.042-C2,7961,2,1732.7890099338,2978.6542129954,2978.6542129954,43,35,78,71,False
B-G1.042-C2,7961,3,2978.6542129954,,3600,78,71,,,True
B-G1.042-C2,15880,0,0,949.0868026965,949.0868026965,10,6,26,18,False
B-G1.042-C2,15880,1,949.0868026965,1957.2841052823,1957.2841052823,26,18,47,40,False
B-G1.042-C2,15880,2,1957.2841052823,3091.4085284448,3091.4085284448,47,40,79,73,False
B-G1.042-C2,15880,3,3091.4085284448,,3599.9999999999,79,73,,,True
B-G1.042-C2,23799,0,0,957.5005895408,957.5005895408,10,6,25,18,False
B-G1.042-C2,23799,1,957.5005895408,1762.8280785476,1762.8280785476,25,18,47,40,False
B-G1.042-C2,23799,2,1762.8280785476,2974.1211182163,2974.1211182163,47,40,80,74,False
B-G1.042-C2,23799,3,2974.1211182163,,3600,80,74,,,True
B-G1.042-C2,31718,0,0,951.7340382818,951.7340382818,10,6,26,19,False
B-G1.042-C2,31718,1,951.7340382818,1501.2768920179,1501.2768920179,26,19,44,36,False
B-G1.042-C2,31718,2,1501.2768920179,2722.5188891716,2722.5188891716,44,36,82,75,False
B-G1.042-C2,31718,3,2722.5188891716,,3600,82,75,,,True
B-G1.042-C2,39637,0,0,938.6550599226,938.6550599226,10,6,26,19,False
B-G1.042-C2,39637,1,938.6550599226,1504.0587473489,1504.0587473489,26,19,42,35,False
B-G1.042-C2,39637,2,1504.0587473489,2715.5933988022,2715.5933988022,42,35,82,75,False
B-G1.042-C2,39637,3,2715.5933988022,,3600,82,75,,,True
B-G1.042-C2,47556,0,0,1047.4404572308,1047.4404572308,10,6,31,23,False
B-G1.042-C2,47556,1,1047.4404572308,1609.1008906746,1609.1008906746,31,23,42,35,False
B-G1.042-C2,47556,2,1609.1008906746,3058.0576884067,3058.0576884067,42,35,84,78,False
B-G1.042-C2,47556,3,3058.0576884067,,3600,84,78,,,True
B-G1.042-C2,55475,0,0,954.8164125941,954.8164125941,10,6,27,20,False
B-G1.042-C2,55475,1,954.8164125941,1858.7801379211,1858.7801379211,27,20,45,38,False
B-G1.042-C2,55475,2,1858.7801379211,3392.0656764427,3392.0656764427,45,38,86,79,False
B-G1.042-C2,55475,3,3392.0656764427,,3599.9999999999,86,79,,,True
B-G1.042-C2,63394,0,0,605.7577821293,605.7577821293,10,6,25,17,False
B-G1.042-C2,63394,1,605.7577821293,1605.7826197478,1605.7826197478,25,17,46,39,False
B-G1.042-C2,63394,2,1605.7826197478,2709.2613977217,2709.2613977217,46,39,79,72,False
B-G1.042-C2,63394,3,2709.2613977217,,3600,79,72,,,True
B-G1.042-C2,71313,0,0,950.2285206743,950.2285206743,10,6,28,21,False
B-G1.042-C2,71313,1,950.2285206743,1942.0114838103,1942.0114838103,28,21,50,43,False
B-G1.042-C2,71313,2,1942.0114838103,3041.6277642483,3041.6277642483,50,43,79,73,False
B-G1.042-C2,71313,3,3041.6277642483,,3600,79,73,,,True
B-G1.042-C3,42,0,0,825.3178384705,825.3178384705,10,6,27,20,False
B-G1.042-C3,42,1,825.3178384705,1589.1961047912,1589.1961047912,27,20,48,40,False
B-G1.042-C3,42,2,1589.1961047912,2689.578342034,2689.578342034,48,40,81,75,False
B-G1.042-C3,42,3,2689.578342034,,3600,81,75,,,True
B-G1.042-C3,7961,0,0,835.0142375793,835.0142375793,10,6,26,18,False
B-G1.042-C3,7961,1,835.0142375793,1511.574063759,1511.574063759,26,18,51,44,False
B-G1.042-C3,7961,2,1511.574063759,2083.0916757429,2083.0916757429,51,44,78,72,False
B-G1.042-C3,7961,3,2083.0916757429,,3600,78,72,,,True
B-G1.042-C3,15880,0,0,831.7360363032,831.7360363032,10,6,26,19,False
B-G1.042-C3,15880,1,831.7360363032,1402.0572633533,1402.0572633533,26,19,46,39,False
B-G1.042-C3,15880,2,1402.0572633533,2617.2911421511,2617.2911421511,46,39,83,77,False
B-G1.042-C3,15880,3,2617.2911421511,,3600,83,77,,,True
B-G1.042-C3,23799,0,0,835.7106789607,835.7106789607,10,6,26,19,False
B-G1.042-C3,23799,1,835.7106789607,1612.6240436868,1612.6240436868,26,19,47,40,False
B-G1.042-C3,23799,2,1612.6240436868,2819.1851307505,2819.1851307505,47,40,87,80,False
B-G1.042-C3,23799,3,2819.1851307505,,3600,87,80,,,True
B-G1.042-C3,31718,0,0,828.4200299724,828.4200299724,10,6,26,19,False
B-G1.042-C3,31718,1,828.4200299724,1619.1067483161,1619.1067483161,26,19,47,40,False
B-G1.042-C3,31718,2,1619.1067483161,2705.5318137814,2705.5318137814,47,40,82,76,False
B-G1.042-C3,31718,3,2705.5318137814,,3600,82,76,,,True
B-G1.042-C3,39637,0,0,822.4154804257,822.4154804257,10,6,26,19,False
B-G1.042-C3,39637,1,822.4154804257,1263.4383407175,1263.4383407175,26,19,42,35,False
B-G1.042-C3,39637,2,1263.4383407175,2383.8171308743,2383.8171308743,42,35,82,75,False
B-G1.042-C3,39637,3,2383.8171308743,,3600,82,75,,,True
B-G1.042-C3,47556,0,0,702.4296104259,702.4296104259,10,6,27,20,False
B-G1.042-C3,47556,1,702.4296104259,1808.3900349276,1808.3900349276,27,20,53,46,False
B-G1.042-C3,47556,2,1808.3900349276,2906.4730008586,2906.4730008586,53,46,82,76,False
B-G1.042-C3,47556,3,2906.4730008586,,3600,82,76,,,True
B-G1.042-C3,55475,0,0,834.5155562426,834.5155562426,10,6,26,19,False
B-G1.042-C3,55475,1,834.5155562426,1620.1914616263,1620.1914616263,26,19,44,37,False
B-G1.042-C3,55475,2,1620.1914616263,3046.8808552061,3046.8808552061,44,37,86,79,False
B-G1.042-C3,55475,3,3046.8808552061,,3600,86,79,,,True
B-G1.042-C3,63394,0,0,723.8077821293,723.8077821293,10,6,26,19,False
B-G1.042-C3,63394,1,723.8077821293,1496.161098206,1496.161098206,26,19,44,37,False
B-G1.042-C3,63394,2,1496.161098206,2593.1465376823,2593.1465376823,44,37,83,77,False
B-G1.042-C3,63394,3,2593.1465376823,,3600,83,77,,,True
B-G1.042-C3,71313,0,0,827.8257778333,827.8257778333,10,6,27,20,False
B-G1.042-C3,71313,1,827.8257778333,1605.3500595439,1605.3500595439,27,20,48,41,False
B-G1.042-C3,71313,2,1605.3500595439,2590.5175498388,2590.5175498388,48,41,84,77,False
B-G1.042-C3,71313,3,2590.5175498388,,3600,84,77,,,True
B-G1.045-C2,42,0,0,952.4451865709,952.4451865709,10,6,25,18,False
B-G1.045-C2,42,1,952.4451865709,1601.6685329797,1601.6685329797,25,18,43,36,False
B-G1.045-C2,42,2,1601.6685329797,3044.3720839515,3044.3720839515,43,36,82,76,False
B-G1.045-C2,42,3,3044.3720839515,,3600,82,76,,,True
B-G1.045-C2,7961,0,0,723.9213171848,723.9213171848,10,6,24,17,False
B-G1.045-C2,7961,1,723.9213171848,1737.342915692,1737.342915692,24,17,43,37,False
B-G1.045-C2,7961,2,1737.342915692,3336.2528521271,3336.2528521271,43,37,82,76,False
B-G1.045-C2,7961,3,3336.2528521271,,3600,82,76,,,True
B-G1.045-C2,15880,0,0,940.2956857137,940.2956857137,10,6,25,18,False
B-G1.045-C2,15880,1,940.2956857137,1603.8029228645,1603.8029228645,25,18,43,36,False
B-G1.045-C2,15880,2,1603.8029228645,3051.8829749239,3051.8829749239,43,36,82,75,False
B-G1.045-C2,15880,3,3051.8829749239,,3600,82,75,,,True
B-G1.045-C2,23799,0,0,957.3285995347,957.3285995347,10,6,27,20,False
B-G1.045-C2,23799,1,957.3285995347,1743.6918838238,1743.6918838238,27,20,49,43,False
B-G1.045-C2,23799,2,1743.6918838238,2846.2044071687,2846.2044071687,49,43,78,71,False
B-G1.045-C2,23799,3,2846.2044071687,,3600,78,71,,,True
B-G1.045-C2,31718,0,0,946.0397816946,946.0397816946,10,6,27,20,False
B-G1.045-C2,31718,1,946.0397816946,1609.266754242,1609.266754242,27,20,43,37,False
B-G1.045-C2,31718,2,1609.266754242,2954.8676306422,2954.8676306422,43,37,80,73,False
B-G1.045-C2,31718,3,2954.8676306422,,3600,80,73,,,True
B-G1.045-C2,39637,0,0,827.7548932006,827.7548932006,10,6,28,21,False
B-G1.045-C2,39637,1,827.7548932006,1724.359249167,1724.359249167,28,21,48,41,False
B-G1.045-C2,39637,2,1724.359249167,2603.4113310513,2603.4113310513,48,41,78,72,False
B-G1.045-C2,39637,3,2603.4113310513,,3600,78,72,,,True
B-G1.045-C2,47556,0,0,1073.7504377669,1073.7504377669,10,6,26,19,False
B-G1.045-C2,47556,1,1073.7504377669,1622.1227667398,1622.1227667398,26,19,44,37,False
B-G1.045-C2,47556,2,1622.1227667398,2967.1193797999,2967.1193797999,44,37,80,73,False
B-G1.045-C2,47556,3,2967.1193797999,,3600,80,73,,,True
B-G1.045-C2,55475,0,0,933.5845929847,933.5845929847,10,6,28,21,False
B-G1.045-C2,55475,1,933.5845929847,1712.8048714195,1712.8048714195,28,21,47,40,False
B-G1.045-C2,55475,2,1712.8048714195,3158.271363848,3158.271363848,47,40,79,73,False
B-G1.045-C2,55475,3,3158.271363848,,3600,79,73,,,True
B-G1.045-C2,63394,0,0,825.2790802196,825.2790802196,10,6,25,18,False
B-G1.045-C2,63394,1,825.2790802196,1606.1412318407,1606.1412318407,25,18,47,40,False
B-G1.045-C2,63394,2,1606.1412318407,3060.4835384901,3060.4835384901,47,40,80,73,False
B-G1.045-C2,63394,3,3060.4835384901,,3600,80,73,,,True
B-G1.045-C2,71313,0,0,955.1883394551,955.1883394551,10,6,27,20,False
B-G1.045-C2,71313,1,955.1883394551,1746.0262804147,1746.0262804147,27,20,46,39,False
B-G1.045-C2,71313,2,1746.0262804147,2958.7235864121,2958.7235864121,46,39,83,77,False
B-G1.045-C2,71313,3,2958.7235864121,,3600,83,77,,,True
B-G1.045-C3,42,0,0,835.7422112941,835.7422112941,10,6,25,18,False
B-G1.045-C3,42,1,835.7422112941,2063.9127603129,2063.9127603129,25,18,50,43,False
B-G1.045-C3,42,2,2063.9127603129,3385.7487172281,3385.7487172281,50,43,83,77,False
B-G1.045-C3,42,3,3385.7487172281,,3600,83,77,,,True
B-G1.045-C3,7961,0,0,1170.1684504783,1170.1684504783,10,6,32,25,False
B-G1.045-C3,7961,1,1170.1684504783,1725.9679683271,1725.9679683271,32,25,45,39,False
B-G1.045-C3,7961,2,1725.9679683271,2932.6366895665,2932.6366895665,45,39,79,72,False
B-G1.045-C3,7961,3,2932.6366895665,,3600,79,72,,,True
B-G1.045-C3,15880,0,0,825.7405318385,825.7405318385,10,6,27,21,False
B-G1.045-C3,15880,1,825.7405318385,1825.3586497226,1825.3586497226,27,21,52,46,False
B-G1.045-C3,15880,2,1825.3586497226,2900.6422207926,2900.6422207926,52,46,83,76,False
B-G1.045-C3,15880,3,2900.6422207926,,3600,83,76,,,True
B-G1.045-C3,23799,0,0,830.4285995347,830.4285995347,10,6,27,20,False
B-G1.045-C3,23799,1,830.4285995347,1611.6115845179,1611.6115845179,27,20,43,36,False
B-G1.045-C3,23799,2,1611.6115845179,3152.3535464996,3152.3535464996,43,36,87,81,False
B-G1.045-C3,23799,3,3152.3535464996,,3600,87,81,,,True
B-G1.045-C3,31718,0,0,829.2089003007,829.2089003007,10,6,27,20,False
B-G1.045-C3,31718,1,829.2089003007,1513.8374520422,1513.8374520422,27,20,47,40,False
B-G1.045-C3,31718,2,1513.8374520422,2598.9637891861,2598.9637891861,47,40,83,77,False
B-G1.045-C3,31718,3,2598.9637891861,,3600,83,77,,,True
B-G1.045-C3,39637,0,0,711.9765871543,711.9765871543,10,6,28,21,False
B-G1.045-C3,39637,1,711.9765871543,1286.0346986341,1286.0346986341,28,21,44,37,False
B-G1.045-C3,39637,2,1286.0346986341,2816.6009851628,2816.6009851628,44,37,82,76,False
B-G1.045-C3,39637,3,2816.6009851628,,3600,82,76,,,True
B-G1.045-C3,47556,0,0,711.4860892143,711.4860892143,10,6,26,19,False
B-G1.045-C3,47556,1,711.4860892143,1504.9172208765,1504.9172208765,26,19,47,40,False
B-G1.045-C3,47556,2,1504.9172208765,2950.9795457969,2950.9795457969,47,40,86,79,False
B-G1.045-C3,47556,3,2950.9795457969,,3599.9999999999,86,79,,,True
B-G1.045-C3,55475,0,0,815.9096241561,815.9096241561,10,6,28,21,False
B-G1.045-C3,55475,1,815.9096241561,1470.8859812537,1470.8859812537,28,21,50,43,False
B-G1.045-C3,55475,2,1470.8859812537,2233.8984655464,2233.8984655464,50,43,78,72,False
B-G1.045-C3,55475,3,2233.8984655464,,3600,78,72,,,True
B-G1.045-C3,63394,0,0,710.4669776804,710.4669776804,10,6,26,19,False
B-G1.045-C3,63394,1,710.4669776804,1376.9296617013,1376.9296617013,26,19,48,42,False
B-G1.045-C3,63394,2,1376.9296617013,2831.2172892284,2831.2172892284,48,42,86,79,False
B-G1.045-C3,63394,3,2831.2172892284,,3600,86,79,,,True
B-G1.045-C3,71313,0,0,836.4178151584,836.4178151584,10,6,27,20,False
B-G1.045-C3,71313,1,836.4178151584,1496.2610586466,1496.2610586466,27,20,46,40,False
B-G1.045-C3,71313,2,1496.2610586466,3041.5924357385,3041.5924357385,46,40,87,80,False
B-G1.045-C3,71313,3,3041.5924357385,,3600,87,80,,,True
A-G1.040-C3,79232,0,0,716.5224171398,716.5224171398,10,6,25,17,False
A-G1.040-C3,79232,1,716.5224171398,1381.4800023414,1381.4800023414,25,17,52,44,False
A-G1.040-C3,79232,2,1381.4800023414,2053.4675192308,2053.4675192308,52,44,74,68,False
A-G1.040-C3,79232,3,2053.4675192308,,3600,74,68,,,True
A-G1.040-C3,87151,0,0,592.6777181989,592.6777181989,10,6,26,19,False
A-G1.040-C3,87151,1,592.6777181989,1258.9989992439,1258.9989992439,26,19,46,39,False
A-G1.040-C3,87151,2,1258.9989992439,1920.521441779,1920.521441779,46,39,77,71,False
A-G1.040-C3,87151,3,1920.521441779,,3600,77,71,,,True
A-G1.040-C3,95070,0,0,584.5241761984,584.5241761984,10,6,26,19,False
A-G1.040-C3,95070,1,584.5241761984,1256.6932103875,1256.6932103875,26,19,49,41,False
A-G1.040-C3,95070,2,1256.6932103875,2243.5640202184,2243.5640202184,49,41,84,78,False
A-G1.040-C3,95070,3,2243.5640202184,,3599.9999999999,84,78,,,True
A-G1.040-C3,102989,0,0,917.4220870308,917.4220870308,10,6,34,26,False
A-G1.040-C3,102989,1,917.4220870308,1465.0204667072,1465.0204667072,34,26,51,44,False
A-G1.040-C3,102989,2,1465.0204667072,2133.2666211933,2133.2666211933,51,44,74,67,False
A-G1.040-C3,102989,3,2133.2666211933,,3600,74,67,,,True
A-G1.040-C3,110908,0,0,825.1925459627,825.1925459627,10,6,29,22,False
A-G1.040-C3,110908,1,825.1925459627,1386.9211175199,1386.9211175199,29,22,49,42,False
A-G1.040-C3,110908,2,1386.9211175199,2265.9052830323,2265.9052830323,49,42,83,76,False
A-G1.040-C3,110908,3,2265.9052830323,,3600,83,76,,,True
A-G1.040-C3,118827,0,0,712.5910038398,712.5910038398,10,6,26,19,False
A-G1.040-C3,118827,1,712.5910038398,1386.6139256965,1386.6139256965,26,19,46,38,False
A-G1.040-C3,118827,2,1386.6139256965,2042.4603557825,2042.4603557825,46,38,76,70,False
A-G1.040-C3,118827,3,2042.4603557825,,3600,76,70,,,True
A-G1.040-C3,126746,0,0,714.0353490273,714.0353490273,10,6,26,19,False
A-G1.040-C3,126746,1,714.0353490273,1731.5815645662,1731.5815645662,26,19,56,48,False
A-G1.040-C3,126746,2,1731.5815645662,2271.6391742337,2271.6391742337,56,48,77,71,False
A-G1.040-C3,126746,3,2271.6391742337,,3600,77,71,,,True
A-G1.040-C3,134665,0,0,825.7721410134,825.7721410134,10,6,27,20,False
A-G1.040-C3,134665,1,825.7721410134,1483.2078559011,1483.2078559011,27,20,49,42,False
A-G1.040-C3,134665,2,1483.2078559011,2044.9541764822,2044.9541764822,49,42,72,66,False
A-G1.040-C3,134665,3,2044.9541764822,,3599.9999999999,72,66,,,True
A-G1.040-C3,142584,0,0,1168.6086242649,1168.6086242649,10,6,32,25,False
A-G1.040-C3,142584,1,1168.6086242649,1729.2140312126,1729.2140312126,32,25,45,38,False
A-G1.040-C3,142584,2,1729.2140312126,2720.6210097524,2720.6210097524,45,38,89,83,False
A-G1.040-C3,142584,3,2720.6210097524,,3600,89,83,,,True
A-G1.040-C3,150503,0,0,706.7038224921,706.7038224921,10,6,28,21,False
A-G1.040-C3,150503,1,706.7038224921,1386.2139953516,1386.2139953516,28,21,47,39,False
A-G1.040-C3,150503,2,1386.2139953516,2039.2487666206,2039.2487666206,47,39,75,69,False
A-G1.040-C3,150503,3,2039.2487666206,,3600,75,69,,,True
A-G1.040-C3,158422,0,0,695.6991425301,695.6991425301,10,6,28,21,False
A-G1.040-C3,158422,1,695.6991425301,1378.5588746369,1378.5588746369,28,21,44,36,False
A-G1.040-C3,158422,2,1378.5588746369,2475.3048284988,2475.3048284988,44,36,80,74,False
A-G1.040-C3,158422,3,2475.3048284988,,3600,80,74,,,True
A-G1.040-C3,166341,0,0,717.2357825257,717.2357825257,10,6,24,17,False
A-G1.040-C3,166341,1,717.2357825257,1719.7926569267,1719.7926569267,24,17,52,44,False
A-G1.040-C3,166341,2,1719.7926569267,2269.9834657502,2269.9834657502,52,44,74,68,False
A-G1.040-C3,166341,3,2269.9834657502,,3600,74,68,,,True
A-G1.040-C3,174260,0,0,828.0742078413,828.0742078413,10,6,28,21,False
A-G1.040-C3,174260,1,828.0742078413,1389.5134902652,1389.5134902652,28,21,47,39,False
A-G1.040-C3,174260,2,1389.5134902652,2038.9529049047,2038.9529049047,47,39,76,69,False
A-G1.040-C3,174260,3,2038.9529049047,,3600,76,69,,,True
A-G1.040-C3,182179,0,0,698.5157644137,698.5157644137,10,6,28,21,False
A-G1.040-C3,182179,1,698.5157644137,1379.9277525534,1379.9277525534,28,21,48,40,False
A-G1.040-C3,182179,2,1379.9277525534,2032.8711712723,2032.8711712723,48,40,75,69,False
A-G1.040-C3,182179,3,2032.8711712723,,3600,75,69,,,True
A-G1.040-C3,190098,0,0,698.6934880928,698.6934880928,10,6,27,20,False
A-G1.040-C3,190098,1,698.6934880928,1260.4366454031,1260.4366454031,27,20,43,35,False
A-G1.040-C3,190098,2,1260.4366454031,2235.6091035479,2235.6091035479,43,35,83,77,False
A-G1.040-C3,190098,3,2235.6091035479,,3600,83,77,,,True
A-G1.040-C3,198017,0,0,708.7218695365,708.7218695365,10,6,27,20,False
A-G1.040-C3,198017,1,708.7218695365,1373.5964804448,1373.5964804448,27,20,52,45,False
A-G1.040-C3,198017,2,1373.5964804448,2697.6446862704,2697.6446862704,52,45,88,82,False
A-G1.040-C3,198017,3,2697.6446862704,,3600,88,82,,,True
A-G1.040-C3,205936,0,0,585.4772323087,585.4772323087,10,6,27,20,False
A-G1.040-C3,205936,1,585.4772323087,1245.1250734052,1245.1250734052,27,20,51,43,False
A-G1.040-C3,205936,2,1245.1250734052,1900.3259922553,1900.3259922553,51,43,73,67,False
A-G1.040-C3,205936,3,1900.3259922553,,3600,73,67,,,True
A-G1.040-C3,213855,0,0,585.7692208587,585.7692208587,10,6,26,19,False
A-G1.040-C3,213855,1,585.7692208587,1248.4418962787,1248.4418962787,26,19,52,45,False
A-G1.040-C3,213855,2,1248.4418962787,1794.5132611765,1794.5132611765,52,45,78,72,False
A-G1.040-C3,213855,3,1794.5132611765,,3600,78,72,,,True
A-G1.040-C3,221774,0,0,703.6081756823,703.6081756823,10,6,28,21,False
A-G1.040-C3,221774,1,703.6081756823,1268.0139172036,1268.0139172036,28,21,45,37,False
A-G1.040-C3,221774,2,1268.0139172036,2032.4920000731,2032.4920000731,45,37,75,68,False
A-G1.040-C3,221774,3,2032.4920000731,,3600,75,68,,,True
A-G1.040-C3,229693,0,0,483,483,10,6,24,17,False
A-G1.040-C3,229693,1,483,1385.2188934205,1385.2188934205,24,17,45,37,False
A-G1.040-C3,229693,2,1385.2188934205,2045.4436196032,2045.4436196032,45,37,75,69,False
A-G1.040-C3,229693,3,2045.4436196032,,3600,75,69,,,True
A-G1.042-C3,79232,0,0,818.6622369029,818.6622369029,10,6,29,21,False
A-G1.042-C3,79232,1,818.6622369029,1466.8110583419,1466.8110583419,29,21,54,47,False
A-G1.042-C3,79232,2,1466.8110583419,2343.182005535,2343.182005535,54,47,82,76,False
A-G1.042-C3,79232,3,2343.182005535,,3600,82,76,,,True
A-G1.042-C3,87151,0,0,587.1352709782,587.1352709782,10,6,28,20,False
A-G1.042-C3,87151,1,587.1352709782,1253.3884228732,1253.3884228732,28,20,48,41,False
A-G1.042-C3,87151,2,1253.3884228732,1914.9691392136,1914.9691392136,48,41,73,67,False
A-G1.042-C3,87151,3,1914.9691392136,,3600,73,67,,,True
A-G1.042-C3,95070,0,0,921.2525969415,921.2525969415,10,6,31,23,False
A-G1.042-C3,95070,1,921.2525969415,1486.553102268,1486.553102268,31,23,45,38,False
A-G1.042-C3,95070,2,1486.553102268,2461.0872695145,2461.0872695145,45,38,84,77,False
A-G1.042-C3,95070,3,2461.0872695145,,3600,84,77,,,True
A-G1.042-C3,102989,0,0,587.2584986105,587.2584986105,10,6,25,17,False
A-G1.042-C3,102989,1,587.2584986105,1271.6278473961,1271.6278473961,25,17,45,38,False
A-G1.042-C3,102989,2,1271.6278473961,2249.3012037309,2249.3012037309,45,38,82,75,False
A-G1.042-C3,102989,3,2249.3012037309,,3600,82,75,,,True
A-G1.042-C3,110908,0,0,829.832987947,829.832987947,10,6,25,18,False
A-G1.042-C3,110908,1,829.832987947,1514.4797532764,1514.4797532764,25,18,49,42,False
A-G1.042-C3,110908,2,1514.4797532764,2508.5334912862,2508.5334912862,49,42,81,75,False
A-G1.042-C3,110908,3,2508.5334912862,,3600,81,75,,,True
A-G1.042-C3,118827,0,0,834.5070318481,834.5070318481,10,6,27,20,False
A-G1.042-C3,118827,1,834.5070318481,1399.6736021429,1399.6736021429,27,20,45,38,False
A-G1.042-C3,118827,2,1399.6736021429,2064.3132474546,2064.3132474546,45,38,74,68,False
A-G1.042-C3,118827,3,2064.3132474546,,3600,74,68,,,True
A-G1.042-C3,126746,0,0,711.0401841974,711.0401841974,10,6,27,20,False
A-G1.042-C3,126746,1,711.0401841974,1362.4310341909,1362.4310341909,27,20,50,42,False
A-G1.042-C3,126746,2,1362.4310341909,2367.0062348761,2367.0062348761,50,42,79,73,False
A-G1.042-C3,126746,3,2367.0062348761,,3600,79,73,,,True
A-G1.042-C3,134665,0,0,1178.9177095413,1178.9177095413,10,6,30,23,False
A-G1.042-C3,134665,1,1178.9177095413,1829.776638942,1829.776638942,30,23,52,45,False
A-G1.042-C3,134665,2,1829.776638942,2825.6524831627,2825.6524831627,52,45,78,72,False
A-G1.042-C3,134665,3,2825.6524831627,,3600,78,72,,,True
A-G1.042-C3,142584,0,0,828.3512591027,828.3512591027,10,6,27,20,False
A-G1.042-C3,142584,1,828.3512591027,1391.3911066632,1391.3911066632,27,20,48,41,False
A-G1.042-C3,142584,2,1391.3911066632,1933.0758363146,1933.0758363146,48,41,73,66,False
A-G1.042-C3,142584,3,1933.0758363146,,3600,73,66,,,True
A-G1.042-C3,150503,0,0,705.9407776862,705.9407776862,10,6,27,19,False
A-G1.042-C3,150503,1,705.9407776862,1381.1990727851,1381.1990727851,27,19,43,36,False
A-G1.042-C3,150503,2,1381.1990727851,2151.1321595535,2151.1321595535,43,36,74,68,False
A-G1.042-C3,150503,3,2151.1321595535,,3600,74,68,,,True
A-G1.042-C3,158422,0,0,698.2294409616,698.2294409616,10,6,27,20,False
A-G1.042-C3,158422,1,698.2294409616,1688.1471177756,1688.1471177756,27,20,55,47,False
A-G1.042-C3,158422,2,1688.1471177756,2641.4122061685,2641.4122061685,55,47,81,74,False
A-G1.042-C3,158422,3,2641.4122061685,,3600,81,74,,,True
A-G1.042-C3,166341,0,0,826.6345740211,826.6345740211,10,6,27,19,False
A-G1.042-C3,166341,1,826.6345740211,1489.9835786819,1489.9835786819,27,19,49,42,False
A-G1.042-C3,166341,2,1489.9835786819,2248.9838732631,2248.9838732631,49,42,77,70,False
A-G1.042-C3,166341,3,2248.9838732631,,3600,77,70,,,True
A-G1.042-C3,174260,0,0,837.3520293885,837.3520293885,10,6,27,20,False
A-G1.042-C3,174260,1,837.3520293885,1610.1284135103,1610.1284135103,27,20,45,38,False
A-G1.042-C3,174260,2,1610.1284135103,2274.9100285983,2274.9100285983,45,38,72,65,False
A-G1.042-C3,174260,3,2274.9100285983,,3600,72,65,,,True
A-G1.042-C3,182179,0,0,837.2957957277,837.2957957277,10,6,27,19,False
A-G1.042-C3,182179,1,837.2957957277,1512.6906395955,1512.6906395955,27,19,47,40,False
A-G1.042-C3,182179,2,1512.6906395955,2526.1402069963,2526.1402069963,47,40,83,76,False
A-G1.042-C3,182179,3,2526.1402069963,,3600,83,76,,,True
A-G1.042-C3,190098,0,0,698.695729619,698.695729619,10,6,28,20,False
A-G1.042-C3,190098,1,698.695729619,1348.2709720026,1348.2709720026,28,20,51,44,False
A-G1.042-C3,190098,2,1348.2709720026,2334.2094643962,2334.2094643962,51,44,82,75,False
A-G1.042-C3,190098,3,2334.2094643962,,3599.9999999999,82,75,,,True
A-G1.042-C3,198017,0,0,721.6048650769,721.6048650769,10,6,24,17,False
A-G1.042-C3,198017,1,721.6048650769,1170.9196512547,1170.9196512547,24,17,45,37,False
A-G1.042-C3,198017,2,1170.9196512547,1839.4535550085,1839.4535550085,45,37,72,66,False
A-G1.042-C3,198017,3,1839.4535550085,,3599.9999999999,72,66,,,True
A-G1.042-C3,205936,0,0,584.5111315776,584.5111315776,10,6,29,21,False
A-G1.042-C3,205936,1,584.5111315776,1479.6737222851,1479.6737222851,29,21,51,44,False
A-G1.042-C3,205936,2,1479.6737222851,2027.0070878956,2027.0070878956,51,44,73,66,False
A-G1.042-C3,205936,3,2027.0070878956,,3600,73,66,,,True
A-G1.042-C3,213855,0,0,587.7067212112,587.7067212112,10,6,26,18,False
A-G1.042-C3,213855,1,587.7067212112,1266.4773717342,1266.4773717342,26,18,42,35,False
A-G1.042-C3,213855,2,1266.4773717342,1930.5542426215,1930.5542426215,42,35,72,66,False
A-G1.042-C3,213855,3,1930.5542426215,,3599.9999999999,72,66,,,True
A-G1.042-C3,221774,0,0,713.024827305,713.024827305,10,6,29,22,False
A-G1.042-C3,221774,1,713.024827305,1384.0317659608,1384.0317659608,29,22,53,45,False
A-G1.042-C3,221774,2,1384.0317659608,2038.7967022179,2038.7967022179,53,45,72,65,False
A-G1.042-C3,221774,3,2038.7967022179,,3600,72,65,,,True
A-G1.042-C3,229693,0,0,829.9536879193,829.9536879193,10,6,29,21,False
A-G1.042-C3,229693,1,829.9536879193,1403.0686607958,1403.0686607958,29,21,46,39,False
A-G1.042-C3,229693,2,1403.0686607958,2399.3409513867,2399.3409513867,46,39,78,72,False
A-G1.042-C3,229693,3,2399.3409513867,,3599.9999999999,78,72,,,True
A-G1.045-C3,79232,0,0,818.046000145,818.046000145,10,6,27,20,False
A-G1.045-C3,79232,1,818.046000145,1819.0545777185,1819.0545777185,27,20,55,49,False
A-G1.045-C3,79232,2,1819.0545777185,2695.3014097958,2695.3014097958,55,49,80,73,False
A-G1.045-C3,79232,3,2695.3014097958,,3600,80,73,,,True
A-G1.045-C3,87151,0,0,596.7994885547,596.7994885547,10,6,25,18,False
A-G1.045-C3,87151,1,596.7994885547,1265.7524268231,1265.7524268231,25,18,48,41,False
A-G1.045-C3,87151,2,1265.7524268231,2254.0512542917,2254.0512542917,48,41,81,74,False
A-G1.045-C3,87151,3,2254.0512542917,,3600,81,74,,,True
A-G1.045-C3,95070,0,0,595.672290226,595.672290226,10,6,25,17,False
A-G1.045-C3,95070,1,595.672290226,1616.8599552266,1616.8599552266,25,17,51,45,False
A-G1.045-C3,95070,2,1616.8599552266,2832.207160961,2832.207160961,51,45,85,78,False
A-G1.045-C3,95070,3,2832.207160961,,3600,85,78,,,True
A-G1.045-C3,102989,0,0,586.1644644789,586.1644644789,10,6,25,18,False
A-G1.045-C3,102989,1,586.1644644789,1160.4016940522,1160.4016940522,25,18,45,38,False
A-G1.045-C3,102989,2,1160.4016940522,2142.259461819,2142.259461819,45,38,80,74,False
A-G1.045-C3,102989,3,2142.259461819,,3600,80,74,,,True
A-G1.045-C3,110908,0,0,827.8328885002,827.8328885002,10,6,27,19,False
A-G1.045-C3,110908,1,827.8328885002,1487.9258053603,1487.9258053603,27,19,47,40,False
A-G1.045-C3,110908,2,1487.9258053603,2147.9702843816,2147.9702843816,47,40,74,68,False
A-G1.045-C3,110908,3,2147.9702843816,,3600,74,68,,,True
A-G1.045-C3,118827,0,0,825.3537190042,825.3537190042,10,6,26,19,False
A-G1.045-C3,118827,1,825.3537190042,1829.0390991304,1829.0390991304,26,19,51,44,False
A-G1.045-C3,118827,2,1829.0390991304,2483.8213078993,2483.8213078993,51,44,75,68,False
A-G1.045-C3,118827,3,2483.8213078993,,3600,75,68,,,True
A-G1.045-C3,126746,0,0,828.6429436232,828.6429436232,10,6,25,18,False
A-G1.045-C3,126746,1,828.6429436232,1623.1517083892,1623.1517083892,25,18,46,39,False
A-G1.045-C3,126746,2,1623.1517083892,2711.7572174221,2711.7572174221,46,39,77,71,False
A-G1.045-C3,126746,3,2711.7572174221,,3600,77,71,,,True
A-G1.045-C3,134665,0,0,712.7186903795,712.7186903795,10,6,29,22,False
A-G1.045-C3,134665,1,712.7186903795,1721.3763109735,1721.3763109735,29,22,51,44,False
A-G1.045-C3,134665,2,1721.3763109735,2271.0584402712,2271.0584402712,51,44,74,68,False
A-G1.045-C3,134665,3,2271.0584402712,,3600,74,68,,,True
A-G1.045-C3,142584,0,0,1172.4634058267,1172.4634058267,10,6,30,24,False
A-G1.045-C3,142584,1,1172.4634058267,1735.5501551915,1735.5501551915,30,24,43,36,False
A-G1.045-C3,142584,2,1735.5501551915,3154.8192743541,3154.8192743541,43,36,81,75,False
A-G1.045-C3,142584,3,3154.8192743541,,3599.9999999999,81,75,,,True
A-G1.045-C3,150503,0,0,705.5301330225,705.5301330225,10,6,26,19,False
A-G1.045-C3,150503,1,705.5301330225,1377.2803370066,1377.2803370066,26,19,47,40,False
A-G1.045-C3,150503,2,1377.2803370066,2182.3201330531,2182.3201330531,47,40,72,65,False
A-G1.045-C3,150503,3,2182.3201330531,,3600,72,65,,,True
A-G1.045-C3,158422,0,0,717.1119230989,717.1119230989,10,6,27,20,False
A-G1.045-C3,158422,1,717.1119230989,1609.0661263169,1609.0661263169,27,20,50,43,False
A-G1.045-C3,158422,2,1609.0661263169,2616.9975891744,2616.9975891744,50,43,77,71,False
A-G1.045-C3,158422,3,2616.9975891744,,3600,77,71,,,True
A-G1.045-C3,166341,0,0,835.7637755139,835.7637755139,10,6,26,19,False
A-G1.045-C3,166341,1,835.7637755139,1952.3656501178,1952.3656501178,26,19,50,43,False
A-G1.045-C3,166341,2,1952.3656501178,2935.5126795541,2935.5126795541,50,43,80,73,False
A-G1.045-C3,166341,3,2935.5126795541,,3600,80,73,,,True
A-G1.045-C3,174260,0,0,829.6653041988,829.6653041988,10,6,25,18,False
A-G1.045-C3,174260,1,829.6653041988,1830.343789799,1830.343789799,25,18,49,43,False
A-G1.045-C3,174260,2,1830.343789799,2488.4523894788,2488.4523894788,49,43,76,69,False
A-G1.045-C3,174260,3,2488.4523894788,,3600,76,69,,,True
A-G1.045-C3,182179,0,0,835.6238773628,835.6238773628,10,6,25,18,False
A-G1.045-C3,182179,1,835.6238773628,1630.1779681438,1630.1779681438,25,18,45,38,False
A-G1.045-C3,182179,2,1630.1779681438,2302.0827035524,2302.0827035524,45,38,76,69,False
A-G1.045-C3,182179,3,2302.0827035524,,3600,76,69,,,True
A-G1.045-C3,190098,0,0,715.2252724812,715.2252724812,10,6,27,20,False
A-G1.045-C3,190098,1,715.2252724812,1379.0274942713,1379.0274942713,27,20,49,42,False
A-G1.045-C3,190098,2,1379.0274942713,2267.6503059713,2267.6503059713,49,42,77,71,False
A-G1.045-C3,190098,3,2267.6503059713,,3600,77,71,,,True
A-G1.045-C3,198017,0,0,1179.6764239133,1179.6764239133,10,6,31,24,False
A-G1.045-C3,198017,1,1179.6764239133,1736.8037865714,1736.8037865714,31,24,43,36,False
A-G1.045-C3,198017,2,1736.8037865714,2629.0636371573,2629.0636371573,43,36,74,68,False
A-G1.045-C3,198017,3,2629.0636371573,,3600,74,68,,,True
A-G1.045-C3,205936,0,0,583.6916584221,583.6916584221,10,6,28,21,False
A-G1.045-C3,205936,1,583.6916584221,1139.8392754048,1139.8392754048,28,21,50,43,False
A-G1.045-C3,205936,2,1139.8392754048,2449.2369426071,2449.2369426071,50,43,82,75,False
A-G1.045-C3,205936,3,2449.2369426071,,3600,82,75,,,True
A-G1.045-C3,213855,0,0,587.2160268945,587.2160268945,10,6,25,17,False
A-G1.045-C3,213855,1,587.2160268945,1273.2196031681,1273.2196031681,25,17,45,38,False
A-G1.045-C3,213855,2,1273.2196031681,1945.9870063541,1945.9870063541,45,38,73,66,False
A-G1.045-C3,213855,3,1945.9870063541,,3600,73,66,,,True
A-G1.045-C3,221774,0,0,1170.1583025677,1170.1583025677,10,6,29,22,False
A-G1.045-C3,221774,1,1170.1583025677,1724.0363969343,1724.0363969343,29,22,49,42,False
A-G1.045-C3,221774,2,1724.0363969343,2483.070694539,2483.070694539,49,42,74,68,False
A-G1.045-C3,221774,3,2483.070694539,,3600,74,68,,,True
A-G1.045-C3,229693,0,0,816.471736317,816.471736317,10,6,28,21,False
A-G1.045-C3,229693,1,816.471736317,1475.6849058336,1475.6849058336,28,21,44,37,False
A-G1.045-C3,229693,2,1475.6849058336,2342.3106782728,2342.3106782728,44,37,76,69,False
A-G1.045-C3,229693,3,2342.3106782728,,3600,76,69,,,True
