candidate,seed,settlementIndex,ratio
A-G1.040-C3,42,0,1
A-G1.040-C3,42,1,1
A-G1.040-C3,42,2,1
A-G1.040-C3,42,3,1
A-G1.040-C3,42,4,1
A-G1.040-C3,42,5,1
A-G1.040-C3,42,6,1
A-G1.040-C3,42,7,1
A-G1.040-C3,42,8,1
A-G1.040-C3,42,9,1
A-G1.040-C3,42,10,1
A-G1.040-C3,42,11,1
A-G1.040-C3,42,12,1
A-G1.040-C3,42,13,1
A-G1.040-C3,42,14,1
A-G1.040-C3,42,15,1
A-G1.040-C3,42,16,1
A-G1.040-C3,42,17,1
A-G1.040-C3,42,18,1
A-G1.040-C3,42,19,1
A-G1.040-C3,42,20,1
A-G1.040-C3,42,21,1
A-G1.040-C3,42,22,1
A-G1.040-C3,42,23,1
A-G1.040-C3,42,24,1
A-G1.040-C3,42,25,1
A-G1.040-C3,42,26,1
A-G1.040-C3,42,27,1
A-G1.040-C3,42,28,1
A-G1.040-C3,42,29,1
A-G1.040-C3,42,30,1
A-G1.040-C3,42,31,1
A-G1.040-C3,7961,0,1
A-G1.040-C3,7961,1,1
A-G1.040-C3,7961,2,1
A-G1.040-C3,7961,3,1
A-G1.040-C3,7961,4,1
A-G1.040-C3,7961,5,1
A-G1.040-C3,7961,6,1
A-G1.040-C3,7961,7,1
A-G1.040-C3,7961,8,1
A-G1.040-C3,7961,9,1
A-G1.040-C3,7961,10,1
A-G1.040-C3,7961,11,1
A-G1.040-C3,7961,12,1
A-G1.040-C3,7961,13,1
A-G1.040-C3,7961,14,1
A-G1.040-C3,7961,15,1
A-G1.040-C3,7961,16,1
A-G1.040-C3,7961,17,1
A-G1.040-C3,7961,18,1
A-G1.040-C3,7961,19,1
A-G1.040-C3,7961,20,1
A-G1.040-C3,7961,21,1
A-G1.040-C3,7961,22,1
A-G1.040-C3,7961,23,1
A-G1.040-C3,7961,24,1
A-G1.040-C3,7961,25,1
A-G1.040-C3,7961,26,1
A-G1.040-C3,7961,27,1
A-G1.040-C3,7961,28,1
A-G1.040-C3,7961,29,1
A-G1.040-C3,7961,30,1
A-G1.040-C3,7961,31,1
A-G1.040-C3,15880,0,1
A-G1.040-C3,15880,1,1
A-G1.040-C3,15880,2,1
A-G1.040-C3,15880,3,1
A-G1.040-C3,15880,4,1
A-G1.040-C3,15880,5,1
A-G1.040-C3,15880,6,1
A-G1.040-C3,15880,7,1
A-G1.040-C3,15880,8,1
A-G1.040-C3,15880,9,1
A-G1.040-C3,15880,10,1
A-G1.040-C3,15880,11,1
A-G1.040-C3,15880,12,1
A-G1.040-C3,15880,13,1
A-G1.040-C3,15880,14,1
A-G1.040-C3,15880,15,1
A-G1.040-C3,15880,16,1
A-G1.040-C3,15880,17,1
A-G1.040-C3,15880,18,1
A-G1.040-C3,15880,19,1
A-G1.040-C3,15880,20,1
A-G1.040-C3,15880,21,1
A-G1.040-C3,15880,22,1
A-G1.040-C3,15880,23,1
A-G1.040-C3,15880,24,1
A-G1.040-C3,15880,25,0.984085075174082
A-G1.040-C3,15880,26,1
A-G1.040-C3,15880,27,1
A-G1.040-C3,15880,28,1
A-G1.040-C3,15880,29,1
A-G1.040-C3,15880,30,1
A-G1.040-C3,23799,0,1
A-G1.040-C3,23799,1,1
A-G1.040-C3,23799,2,1
A-G1.040-C3,23799,3,1
A-G1.040-C3,23799,4,1
A-G1.040-C3,23799,5,1
A-G1.040-C3,23799,6,1
A-G1.040-C3,23799,7,1
A-G1.040-C3,23799,8,1
A-G1.040-C3,23799,9,1
A-G1.040-C3,23799,10,1
A-G1.040-C3,23799,11,1
A-G1.040-C3,23799,12,1
A-G1.040-C3,23799,13,1
A-G1.040-C3,23799,14,1
A-G1.040-C3,23799,15,1
A-G1.040-C3,23799,16,1
A-G1.040-C3,23799,17,1
A-G1.040-C3,23799,18,1
A-G1.040-C3,23799,19,1
A-G1.040-C3,23799,20,1
A-G1.040-C3,23799,21,1
A-G1.040-C3,23799,22,1
A-G1.040-C3,23799,23,1
A-G1.040-C3,23799,24,1
A-G1.040-C3,23799,25,1
A-G1.040-C3,23799,26,1
A-G1.040-C3,23799,27,1
A-G1.040-C3,23799,28,1
A-G1.040-C3,23799,29,1
A-G1.040-C3,23799,30,1
A-G1.040-C3,23799,31,1
A-G1.040-C3,31718,0,1
A-G1.040-C3,31718,1,1
A-G1.040-C3,31718,2,1
A-G1.040-C3,31718,3,1
A-G1.040-C3,31718,4,1
A-G1.040-C3,31718,5,1
A-G1.040-C3,31718,6,1
A-G1.040-C3,31718,7,1
A-G1.040-C3,31718,8,1
A-G1.040-C3,31718,9,1
A-G1.040-C3,31718,10,1
A-G1.040-C3,31718,11,1
A-G1.040-C3,31718,12,1
A-G1.040-C3,31718,13,1
A-G1.040-C3,31718,14,1
A-G1.040-C3,31718,15,1
A-G1.040-C3,31718,16,1
A-G1.040-C3,31718,17,1
A-G1.040-C3,31718,18,1
A-G1.040-C3,31718,19,1
A-G1.040-C3,31718,20,1
A-G1.040-C3,31718,21,1
A-G1.040-C3,31718,22,1
A-G1.040-C3,31718,23,1
A-G1.040-C3,31718,24,1
A-G1.040-C3,31718,25,1
A-G1.040-C3,31718,26,1
A-G1.040-C3,31718,27,1
A-G1.040-C3,31718,28,1
A-G1.040-C3,31718,29,1
A-G1.040-C3,31718,30,1
A-G1.040-C3,39637,0,0.9999999999981484
A-G1.040-C3,39637,1,1
A-G1.040-C3,39637,2,1
A-G1.040-C3,39637,3,1
A-G1.040-C3,39637,4,1
A-G1.040-C3,39637,5,1
A-G1.040-C3,39637,6,1
A-G1.040-C3,39637,7,1
A-G1.040-C3,39637,8,1
A-G1.040-C3,39637,9,1
A-G1.040-C3,39637,10,1
A-G1.040-C3,39637,11,1
A-G1.040-C3,39637,12,1
A-G1.040-C3,39637,13,1
A-G1.040-C3,39637,14,1
A-G1.040-C3,39637,15,1
A-G1.040-C3,39637,16,1
A-G1.040-C3,39637,17,1
A-G1.040-C3,39637,18,1
A-G1.040-C3,39637,19,1
A-G1.040-C3,39637,20,1
A-G1.040-C3,39637,21,1
A-G1.040-C3,39637,22,1
A-G1.040-C3,39637,23,1
A-G1.040-C3,39637,24,1
A-G1.040-C3,39637,25,1
A-G1.040-C3,39637,26,1
A-G1.040-C3,39637,27,1
A-G1.040-C3,39637,28,1
A-G1.040-C3,39637,29,1
A-G1.040-C3,39637,30,1
A-G1.040-C3,39637,31,1
A-G1.040-C3,47556,0,1
A-G1.040-C3,47556,1,1
A-G1.040-C3,47556,2,1
A-G1.040-C3,47556,3,1
A-G1.040-C3,47556,4,1
A-G1.040-C3,47556,5,1
A-G1.040-C3,47556,6,1
A-G1.040-C3,47556,7,1
A-G1.040-C3,47556,8,1
A-G1.040-C3,47556,9,1
A-G1.040-C3,47556,10,1
A-G1.040-C3,47556,11,1
A-G1.040-C3,47556,12,1
A-G1.040-C3,47556,13,1
A-G1.040-C3,47556,14,1
A-G1.040-C3,47556,15,1
A-G1.040-C3,47556,16,1
A-G1.040-C3,47556,17,1
A-G1.040-C3,47556,18,1
A-G1.040-C3,47556,19,1
A-G1.040-C3,47556,20,1
A-G1.040-C3,47556,21,1
A-G1.040-C3,47556,22,1
A-G1.040-C3,47556,23,1
A-G1.040-C3,47556,24,1
A-G1.040-C3,47556,25,1
A-G1.040-C3,47556,26,1
A-G1.040-C3,47556,27,1
A-G1.040-C3,47556,28,1
A-G1.040-C3,47556,29,1
A-G1.040-C3,47556,30,1
A-G1.040-C3,47556,31,1
A-G1.040-C3,55475,0,1
A-G1.040-C3,55475,1,1
A-G1.040-C3,55475,2,1
A-G1.040-C3,55475,3,1
A-G1.040-C3,55475,4,1
A-G1.040-C3,55475,5,1
A-G1.040-C3,55475,6,1
A-G1.040-C3,55475,7,1
A-G1.040-C3,55475,8,0.9962962962962955
A-G1.040-C3,55475,9,1
A-G1.040-C3,55475,10,1
A-G1.040-C3,55475,11,1
A-G1.040-C3,55475,12,1
A-G1.040-C3,55475,13,1
A-G1.040-C3,55475,14,1
A-G1.040-C3,55475,15,1
A-G1.040-C3,55475,16,1
A-G1.040-C3,55475,17,1
A-G1.040-C3,55475,18,1
A-G1.040-C3,55475,19,1
A-G1.040-C3,55475,20,1
A-G1.040-C3,55475,21,1
A-G1.040-C3,55475,22,1
A-G1.040-C3,55475,23,1
A-G1.040-C3,55475,24,1
A-G1.040-C3,55475,25,1
A-G1.040-C3,55475,26,1
A-G1.040-C3,55475,27,1
A-G1.040-C3,55475,28,1
A-G1.040-C3,55475,29,1
A-G1.040-C3,55475,30,1
A-G1.040-C3,63394,0,1
A-G1.040-C3,63394,1,1
A-G1.040-C3,63394,2,1
A-G1.040-C3,63394,3,1
A-G1.040-C3,63394,4,1
A-G1.040-C3,63394,5,1
A-G1.040-C3,63394,6,1
A-G1.040-C3,63394,7,1
A-G1.040-C3,63394,8,0.8829629629629642
A-G1.040-C3,63394,9,1
A-G1.040-C3,63394,10,1
A-G1.040-C3,63394,11,1
A-G1.040-C3,63394,12,1
A-G1.040-C3,63394,13,1
A-G1.040-C3,63394,14,1
A-G1.040-C3,63394,15,1
A-G1.040-C3,63394,16,1
A-G1.040-C3,63394,17,0.9312689738925891
A-G1.040-C3,63394,18,1
A-G1.040-C3,63394,19,1
A-G1.040-C3,63394,20,1
A-G1.040-C3,63394,21,1
A-G1.040-C3,63394,22,1
A-G1.040-C3,63394,23,1
A-G1.040-C3,63394,24,1
A-G1.040-C3,63394,25,1
A-G1.040-C3,63394,26,1
A-G1.040-C3,63394,27,1
A-G1.040-C3,63394,28,1
A-G1.040-C3,63394,29,1
A-G1.040-C3,63394,30,1
A-G1.040-C3,71313,0,1
A-G1.040-C3,71313,1,1
A-G1.040-C3,71313,2,1
A-G1.040-C3,71313,3,1
A-G1.040-C3,71313,4,1
A-G1.040-C3,71313,5,1
A-G1.040-C3,71313,6,1
A-G1.040-C3,71313,7,1
A-G1.040-C3,71313,8,1
A-G1.040-C3,71313,9,1
A-G1.040-C3,71313,10,1
A-G1.040-C3,71313,11,1
A-G1.040-C3,71313,12,1
A-G1.040-C3,71313,13,1
A-G1.040-C3,71313,14,1
A-G1.040-C3,71313,15,0.9546023072259265
A-G1.040-C3,71313,16,1
A-G1.040-C3,71313,17,1
A-G1.040-C3,71313,18,1
A-G1.040-C3,71313,19,1
A-G1.040-C3,71313,20,1
A-G1.040-C3,71313,21,1
A-G1.040-C3,71313,22,1
A-G1.040-C3,71313,23,1
A-G1.040-C3,71313,24,1
A-G1.040-C3,71313,25,1
A-G1.040-C3,71313,26,1
A-G1.040-C3,71313,27,1
A-G1.040-C3,71313,28,1
A-G1.040-C3,71313,29,1
A-G1.040-C3,71313,30,1
A-G1.040-C3,71313,31,1
A-G1.042-C3,42,0,1
A-G1.042-C3,42,1,1
A-G1.042-C3,42,2,1
A-G1.042-C3,42,3,1
A-G1.042-C3,42,4,1
A-G1.042-C3,42,5,1
A-G1.042-C3,42,6,1
A-G1.042-C3,42,7,1
A-G1.042-C3,42,8,1
A-G1.042-C3,42,9,1
A-G1.042-C3,42,10,1
A-G1.042-C3,42,11,1
A-G1.042-C3,42,12,1
A-G1.042-C3,42,13,1
A-G1.042-C3,42,14,1
A-G1.042-C3,42,15,1
A-G1.042-C3,42,16,1
A-G1.042-C3,42,17,1
A-G1.042-C3,42,18,1
A-G1.042-C3,42,19,1
A-G1.042-C3,42,20,1
A-G1.042-C3,42,21,1
A-G1.042-C3,42,22,1
A-G1.042-C3,42,23,1
A-G1.042-C3,42,24,1
A-G1.042-C3,42,25,1
A-G1.042-C3,42,26,1
A-G1.042-C3,42,27,0.7396296296296222
A-G1.042-C3,42,28,1
A-G1.042-C3,42,29,1
A-G1.042-C3,42,30,0.8603843466111087
A-G1.042-C3,7961,0,1
A-G1.042-C3,7961,1,1
A-G1.042-C3,7961,2,1
A-G1.042-C3,7961,3,1
A-G1.042-C3,7961,4,1
A-G1.042-C3,7961,5,1
A-G1.042-C3,7961,6,1
A-G1.042-C3,7961,7,1
A-G1.042-C3,7961,8,1
A-G1.042-C3,7961,9,1
A-G1.042-C3,7961,10,1
A-G1.042-C3,7961,11,1
A-G1.042-C3,7961,12,1
A-G1.042-C3,7961,13,1
A-G1.042-C3,7961,14,1
A-G1.042-C3,7961,15,1
A-G1.042-C3,7961,16,1
A-G1.042-C3,7961,17,1
A-G1.042-C3,7961,18,1
A-G1.042-C3,7961,19,1
A-G1.042-C3,7961,20,1
A-G1.042-C3,7961,21,1
A-G1.042-C3,7961,22,1
A-G1.042-C3,7961,23,1
A-G1.042-C3,7961,24,1
A-G1.042-C3,7961,25,1
A-G1.042-C3,7961,26,1
A-G1.042-C3,7961,27,1
A-G1.042-C3,7961,28,1
A-G1.042-C3,7961,29,1
A-G1.042-C3,7961,30,1
A-G1.042-C3,15880,0,1
A-G1.042-C3,15880,1,1
A-G1.042-C3,15880,2,1
A-G1.042-C3,15880,3,1
A-G1.042-C3,15880,4,1
A-G1.042-C3,15880,5,1
A-G1.042-C3,15880,6,1
A-G1.042-C3,15880,7,1
A-G1.042-C3,15880,8,0.896296296296298
A-G1.042-C3,15880,9,1
A-G1.042-C3,15880,10,1
A-G1.042-C3,15880,11,1
A-G1.042-C3,15880,12,1
A-G1.042-C3,15880,13,1
A-G1.042-C3,15880,14,1
A-G1.042-C3,15880,15,0.8084468339314854
A-G1.042-C3,15880,16,1
A-G1.042-C3,15880,17,1
A-G1.042-C3,15880,18,1
A-G1.042-C3,15880,19,1
A-G1.042-C3,15880,20,1
A-G1.042-C3,15880,21,1
A-G1.042-C3,15880,22,1
A-G1.042-C3,15880,23,1
A-G1.042-C3,15880,24,1
A-G1.042-C3,15880,25,1
A-G1.042-C3,15880,26,1
A-G1.042-C3,15880,27,1
A-G1.042-C3,15880,28,1
A-G1.042-C3,15880,29,1
A-G1.042-C3,15880,30,1
A-G1.042-C3,23799,0,1
A-G1.042-C3,23799,1,1
A-G1.042-C3,23799,2,1
A-G1.042-C3,23799,3,1
A-G1.042-C3,23799,4,1
A-G1.042-C3,23799,5,1
A-G1.042-C3,23799,6,1
A-G1.042-C3,23799,7,1
A-G1.042-C3,23799,8,1
A-G1.042-C3,23799,9,1
A-G1.042-C3,23799,10,1
A-G1.042-C3,23799,11,1
A-G1.042-C3,23799,12,1
A-G1.042-C3,23799,13,1
A-G1.042-C3,23799,14,1
A-G1.042-C3,23799,15,1
A-G1.042-C3,23799,16,0.9979356405592625
A-G1.042-C3,23799,17,1
A-G1.042-C3,23799,18,1
A-G1.042-C3,23799,19,1
A-G1.042-C3,23799,20,1
A-G1.042-C3,23799,21,1
A-G1.042-C3,23799,22,1
A-G1.042-C3,23799,23,1
A-G1.042-C3,23799,24,1
A-G1.042-C3,23799,25,1
A-G1.042-C3,23799,26,1
A-G1.042-C3,23799,27,1
A-G1.042-C3,23799,28,1
A-G1.042-C3,23799,29,1
A-G1.042-C3,23799,30,1
A-G1.042-C3,31718,0,1
A-G1.042-C3,31718,1,1
A-G1.042-C3,31718,2,1
A-G1.042-C3,31718,3,0.9335690235685177
A-G1.042-C3,31718,4,1
A-G1.042-C3,31718,5,1
A-G1.042-C3,31718,6,1
A-G1.042-C3,31718,7,1
A-G1.042-C3,31718,8,1
A-G1.042-C3,31718,9,1
A-G1.042-C3,31718,10,1
A-G1.042-C3,31718,11,1
A-G1.042-C3,31718,12,1
A-G1.042-C3,31718,13,1
A-G1.042-C3,31718,14,1
A-G1.042-C3,31718,15,1
A-G1.042-C3,31718,16,1
A-G1.042-C3,31718,17,1
A-G1.042-C3,31718,18,1
A-G1.042-C3,31718,19,1
A-G1.042-C3,31718,20,1
A-G1.042-C3,31718,21,1
A-G1.042-C3,31718,22,1
A-G1.042-C3,31718,23,1
A-G1.042-C3,31718,24,1
A-G1.042-C3,31718,25,1
A-G1.042-C3,31718,26,1
A-G1.042-C3,31718,27,0.8829739640629702
A-G1.042-C3,31718,28,1
A-G1.042-C3,31718,29,1
A-G1.042-C3,31718,30,0.8791934925574154
A-G1.042-C3,39637,0,0.9999999999981484
A-G1.042-C3,39637,1,1
A-G1.042-C3,39637,2,1
A-G1.042-C3,39637,3,1
A-G1.042-C3,39637,4,1
A-G1.042-C3,39637,5,1
A-G1.042-C3,39637,6,1
A-G1.042-C3,39637,7,1
A-G1.042-C3,39637,8,1
A-G1.042-C3,39637,9,1
A-G1.042-C3,39637,10,1
A-G1.042-C3,39637,11,1
A-G1.042-C3,39637,12,1
A-G1.042-C3,39637,13,1
A-G1.042-C3,39637,14,1
A-G1.042-C3,39637,15,1
A-G1.042-C3,39637,16,1
A-G1.042-C3,39637,17,1
A-G1.042-C3,39637,18,1
A-G1.042-C3,39637,19,1
A-G1.042-C3,39637,20,1
A-G1.042-C3,39637,21,1
A-G1.042-C3,39637,22,1
A-G1.042-C3,39637,23,1
A-G1.042-C3,39637,24,1
A-G1.042-C3,39637,25,1
A-G1.042-C3,39637,26,1
A-G1.042-C3,39637,27,1
A-G1.042-C3,39637,28,1
A-G1.042-C3,39637,29,1
A-G1.042-C3,39637,30,1
A-G1.042-C3,39637,31,1
A-G1.042-C3,47556,0,1
A-G1.042-C3,47556,1,1
A-G1.042-C3,47556,2,1
A-G1.042-C3,47556,3,1
A-G1.042-C3,47556,4,1
A-G1.042-C3,47556,5,1
A-G1.042-C3,47556,6,1
A-G1.042-C3,47556,7,1
A-G1.042-C3,47556,8,1
A-G1.042-C3,47556,9,1
A-G1.042-C3,47556,10,1
A-G1.042-C3,47556,11,1
A-G1.042-C3,47556,12,1
A-G1.042-C3,47556,13,1
A-G1.042-C3,47556,14,1
A-G1.042-C3,47556,15,1
A-G1.042-C3,47556,16,1
A-G1.042-C3,47556,17,1
A-G1.042-C3,47556,18,1
A-G1.042-C3,47556,19,1
A-G1.042-C3,47556,20,1
A-G1.042-C3,47556,21,1
A-G1.042-C3,47556,22,1
A-G1.042-C3,47556,23,1
A-G1.042-C3,47556,24,1
A-G1.042-C3,47556,25,1
A-G1.042-C3,47556,26,1
A-G1.042-C3,47556,27,1
A-G1.042-C3,47556,28,1
A-G1.042-C3,47556,29,1
A-G1.042-C3,47556,30,1
A-G1.042-C3,47556,31,1
A-G1.042-C3,55475,0,1
A-G1.042-C3,55475,1,1
A-G1.042-C3,55475,2,1
A-G1.042-C3,55475,3,1
A-G1.042-C3,55475,4,1
A-G1.042-C3,55475,5,1
A-G1.042-C3,55475,6,1
A-G1.042-C3,55475,7,1
A-G1.042-C3,55475,8,1
A-G1.042-C3,55475,9,1
A-G1.042-C3,55475,10,1
A-G1.042-C3,55475,11,1
A-G1.042-C3,55475,12,1
A-G1.042-C3,55475,13,1
A-G1.042-C3,55475,14,1
A-G1.042-C3,55475,15,1
A-G1.042-C3,55475,16,1
A-G1.042-C3,55475,17,1
A-G1.042-C3,55475,18,1
A-G1.042-C3,55475,19,1
A-G1.042-C3,55475,20,1
A-G1.042-C3,55475,21,1
A-G1.042-C3,55475,22,1
A-G1.042-C3,55475,23,1
A-G1.042-C3,55475,24,1
A-G1.042-C3,55475,25,1
A-G1.042-C3,55475,26,1
A-G1.042-C3,55475,27,1
A-G1.042-C3,55475,28,1
A-G1.042-C3,55475,29,1
A-G1.042-C3,55475,30,0.9507517418407453
A-G1.042-C3,55475,31,1
A-G1.042-C3,63394,0,1
A-G1.042-C3,63394,1,1
A-G1.042-C3,63394,2,1
A-G1.042-C3,63394,3,1
A-G1.042-C3,63394,4,1
A-G1.042-C3,63394,5,1
A-G1.042-C3,63394,6,1
A-G1.042-C3,63394,7,1
A-G1.042-C3,63394,8,1
A-G1.042-C3,63394,9,1
A-G1.042-C3,63394,10,1
A-G1.042-C3,63394,11,1
A-G1.042-C3,63394,12,1
A-G1.042-C3,63394,13,1
A-G1.042-C3,63394,14,1
A-G1.042-C3,63394,15,0.8968245294481507
A-G1.042-C3,63394,16,1
A-G1.042-C3,63394,17,1
A-G1.042-C3,63394,18,1
A-G1.042-C3,63394,19,1
A-G1.042-C3,63394,20,1
A-G1.042-C3,63394,21,1
A-G1.042-C3,63394,22,1
A-G1.042-C3,63394,23,1
A-G1.042-C3,63394,24,1
A-G1.042-C3,63394,25,1
A-G1.042-C3,63394,26,1
A-G1.042-C3,63394,27,1
A-G1.042-C3,63394,28,1
A-G1.042-C3,63394,29,1
A-G1.042-C3,63394,30,1
A-G1.042-C3,63394,31,1
A-G1.042-C3,71313,0,1
A-G1.042-C3,71313,1,1
A-G1.042-C3,71313,2,1
A-G1.042-C3,71313,3,1
A-G1.042-C3,71313,4,1
A-G1.042-C3,71313,5,1
A-G1.042-C3,71313,6,1
A-G1.042-C3,71313,7,1
A-G1.042-C3,71313,8,1
A-G1.042-C3,71313,9,1
A-G1.042-C3,71313,10,1
A-G1.042-C3,71313,11,1
A-G1.042-C3,71313,12,1
A-G1.042-C3,71313,13,1
A-G1.042-C3,71313,14,1
A-G1.042-C3,71313,15,1
A-G1.042-C3,71313,16,1
A-G1.042-C3,71313,17,1
A-G1.042-C3,71313,18,1
A-G1.042-C3,71313,19,1
A-G1.042-C3,71313,20,1
A-G1.042-C3,71313,21,1
A-G1.042-C3,71313,22,1
A-G1.042-C3,71313,23,1
A-G1.042-C3,71313,24,1
A-G1.042-C3,71313,25,1
A-G1.042-C3,71313,26,1
A-G1.042-C3,71313,27,1
A-G1.042-C3,71313,28,1
A-G1.042-C3,71313,29,1
A-G1.042-C3,71313,30,0.9634391534388871
A-G1.045-C3,42,0,1
A-G1.045-C3,42,1,1
A-G1.045-C3,42,2,1
A-G1.045-C3,42,3,1
A-G1.045-C3,42,4,1
A-G1.045-C3,42,5,1
A-G1.045-C3,42,6,1
A-G1.045-C3,42,7,1
A-G1.045-C3,42,8,1
A-G1.045-C3,42,9,1
A-G1.045-C3,42,10,1
A-G1.045-C3,42,11,1
A-G1.045-C3,42,12,1
A-G1.045-C3,42,13,1
A-G1.045-C3,42,14,1
A-G1.045-C3,42,15,1
A-G1.045-C3,42,16,1
A-G1.045-C3,42,17,1
A-G1.045-C3,42,18,1
A-G1.045-C3,42,19,1
A-G1.045-C3,42,20,1
A-G1.045-C3,42,21,1
A-G1.045-C3,42,22,1
A-G1.045-C3,42,23,1
A-G1.045-C3,42,24,1
A-G1.045-C3,42,25,1
A-G1.045-C3,42,26,1
A-G1.045-C3,42,27,1
A-G1.045-C3,42,28,1
A-G1.045-C3,42,29,1
A-G1.045-C3,42,30,1
A-G1.045-C3,42,31,1
A-G1.045-C3,7961,0,1
A-G1.045-C3,7961,1,1
A-G1.045-C3,7961,2,1
A-G1.045-C3,7961,3,0.9296296296296305
A-G1.045-C3,7961,4,1
A-G1.045-C3,7961,5,1
A-G1.045-C3,7961,6,1
A-G1.045-C3,7961,7,1
A-G1.045-C3,7961,8,1
A-G1.045-C3,7961,9,1
A-G1.045-C3,7961,10,1
A-G1.045-C3,7961,11,1
A-G1.045-C3,7961,12,1
A-G1.045-C3,7961,13,1
A-G1.045-C3,7961,14,1
A-G1.045-C3,7961,15,1
A-G1.045-C3,7961,16,1
A-G1.045-C3,7961,17,1
A-G1.045-C3,7961,18,1
A-G1.045-C3,7961,19,1
A-G1.045-C3,7961,20,1
A-G1.045-C3,7961,21,1
A-G1.045-C3,7961,22,1
A-G1.045-C3,7961,23,1
A-G1.045-C3,7961,24,1
A-G1.045-C3,7961,25,1
A-G1.045-C3,7961,26,1
A-G1.045-C3,7961,27,1
A-G1.045-C3,7961,28,1
A-G1.045-C3,7961,29,1
A-G1.045-C3,7961,30,0.9296296296296263
A-G1.045-C3,15880,0,1
A-G1.045-C3,15880,1,1
A-G1.045-C3,15880,2,1
A-G1.045-C3,15880,3,1
A-G1.045-C3,15880,4,1
A-G1.045-C3,15880,5,1
A-G1.045-C3,15880,6,1
A-G1.045-C3,15880,7,1
A-G1.045-C3,15880,8,1
A-G1.045-C3,15880,9,0.9771671671666674
A-G1.045-C3,15880,10,1
A-G1.045-C3,15880,11,1
A-G1.045-C3,15880,12,1
A-G1.045-C3,15880,13,1
A-G1.045-C3,15880,14,1
A-G1.045-C3,15880,15,1
A-G1.045-C3,15880,16,1
A-G1.045-C3,15880,17,1
A-G1.045-C3,15880,18,1
A-G1.045-C3,15880,19,1
A-G1.045-C3,15880,20,1
A-G1.045-C3,15880,21,1
A-G1.045-C3,15880,22,1
A-G1.045-C3,15880,23,1
A-G1.045-C3,15880,24,1
A-G1.045-C3,15880,25,1
A-G1.045-C3,15880,26,1
A-G1.045-C3,15880,27,1
A-G1.045-C3,15880,28,1
A-G1.045-C3,15880,29,1
A-G1.045-C3,15880,30,1
A-G1.045-C3,15880,31,1
A-G1.045-C3,23799,0,1
A-G1.045-C3,23799,1,1
A-G1.045-C3,23799,2,1
A-G1.045-C3,23799,3,1
A-G1.045-C3,23799,4,1
A-G1.045-C3,23799,5,1
A-G1.045-C3,23799,6,1
A-G1.045-C3,23799,7,1
A-G1.045-C3,23799,8,1
A-G1.045-C3,23799,9,1
A-G1.045-C3,23799,10,0.9218518518518514
A-G1.045-C3,23799,11,1
A-G1.045-C3,23799,12,1
A-G1.045-C3,23799,13,1
A-G1.045-C3,23799,14,1
A-G1.045-C3,23799,15,1
A-G1.045-C3,23799,16,0.9629629629629629
A-G1.045-C3,23799,17,1
A-G1.045-C3,23799,18,1
A-G1.045-C3,23799,19,1
A-G1.045-C3,23799,20,1
A-G1.045-C3,23799,21,1
A-G1.045-C3,23799,22,1
A-G1.045-C3,23799,23,1
A-G1.045-C3,23799,24,1
A-G1.045-C3,23799,25,1
A-G1.045-C3,23799,26,1
A-G1.045-C3,23799,27,1
A-G1.045-C3,23799,28,1
A-G1.045-C3,23799,29,1
A-G1.045-C3,23799,30,1
A-G1.045-C3,23799,31,1
A-G1.045-C3,31718,0,1
A-G1.045-C3,31718,1,1
A-G1.045-C3,31718,2,1
A-G1.045-C3,31718,3,0.9634391534388892
A-G1.045-C3,31718,4,1
A-G1.045-C3,31718,5,1
A-G1.045-C3,31718,6,1
A-G1.045-C3,31718,7,1
A-G1.045-C3,31718,8,1
A-G1.045-C3,31718,9,1
A-G1.045-C3,31718,10,1
A-G1.045-C3,31718,11,1
A-G1.045-C3,31718,12,1
A-G1.045-C3,31718,13,1
A-G1.045-C3,31718,14,1
A-G1.045-C3,31718,15,1
A-G1.045-C3,31718,16,1
A-G1.045-C3,31718,17,1
A-G1.045-C3,31718,18,1
A-G1.045-C3,31718,19,1
A-G1.045-C3,31718,20,1
A-G1.045-C3,31718,21,1
A-G1.045-C3,31718,22,1
A-G1.045-C3,31718,23,1
A-G1.045-C3,31718,24,1
A-G1.045-C3,31718,25,1
A-G1.045-C3,31718,26,1
A-G1.045-C3,31718,27,0.9507517418407453
A-G1.045-C3,31718,28,1
A-G1.045-C3,31718,29,1
A-G1.045-C3,31718,30,1
A-G1.045-C3,39637,0,1
A-G1.045-C3,39637,1,1
A-G1.045-C3,39637,2,1
A-G1.045-C3,39637,3,1
A-G1.045-C3,39637,4,1
A-G1.045-C3,39637,5,1
A-G1.045-C3,39637,6,1
A-G1.045-C3,39637,7,0.9629629629629629
A-G1.045-C3,39637,8,1
A-G1.045-C3,39637,9,1
A-G1.045-C3,39637,10,1
A-G1.045-C3,39637,11,1
A-G1.045-C3,39637,12,1
A-G1.045-C3,39637,13,1
A-G1.045-C3,39637,14,1
A-G1.045-C3,39637,15,1
A-G1.045-C3,39637,16,1
A-G1.045-C3,39637,17,1
A-G1.045-C3,39637,18,1
A-G1.045-C3,39637,19,1
A-G1.045-C3,39637,20,1
A-G1.045-C3,39637,21,1
A-G1.045-C3,39637,22,1
A-G1.045-C3,39637,23,1
A-G1.045-C3,39637,24,1
A-G1.045-C3,39637,25,1
A-G1.045-C3,39637,26,1
A-G1.045-C3,39637,27,1
A-G1.045-C3,39637,28,1
A-G1.045-C3,39637,29,1
A-G1.045-C3,39637,30,1
A-G1.045-C3,39637,31,1
A-G1.045-C3,47556,0,1
A-G1.045-C3,47556,1,1
A-G1.045-C3,47556,2,0.9962962962962965
A-G1.045-C3,47556,3,1
A-G1.045-C3,47556,4,1
A-G1.045-C3,47556,5,1
A-G1.045-C3,47556,6,1
A-G1.045-C3,47556,7,1
A-G1.045-C3,47556,8,1
A-G1.045-C3,47556,9,0.9296296296296305
A-G1.045-C3,47556,10,1
A-G1.045-C3,47556,11,1
A-G1.045-C3,47556,12,1
A-G1.045-C3,47556,13,1
A-G1.045-C3,47556,14,1
A-G1.045-C3,47556,15,1
A-G1.045-C3,47556,16,1
A-G1.045-C3,47556,17,1
A-G1.045-C3,47556,18,1
A-G1.045-C3,47556,19,1
A-G1.045-C3,47556,20,1
A-G1.045-C3,47556,21,1
A-G1.045-C3,47556,22,1
A-G1.045-C3,47556,23,1
A-G1.045-C3,47556,24,1
A-G1.045-C3,47556,25,1
A-G1.045-C3,47556,26,1
A-G1.045-C3,47556,27,1
A-G1.045-C3,47556,28,1
A-G1.045-C3,47556,29,1
A-G1.045-C3,47556,30,1
A-G1.045-C3,55475,0,1
A-G1.045-C3,55475,1,1
A-G1.045-C3,55475,2,1
A-G1.045-C3,55475,3,1
A-G1.045-C3,55475,4,1
A-G1.045-C3,55475,5,1
A-G1.045-C3,55475,6,1
A-G1.045-C3,55475,7,1
A-G1.045-C3,55475,8,1
A-G1.045-C3,55475,9,1
A-G1.045-C3,55475,10,1
A-G1.045-C3,55475,11,1
A-G1.045-C3,55475,12,1
A-G1.045-C3,55475,13,1
A-G1.045-C3,55475,14,1
A-G1.045-C3,55475,15,0.9951851851851812
A-G1.045-C3,55475,16,1
A-G1.045-C3,55475,17,1
A-G1.045-C3,55475,18,1
A-G1.045-C3,55475,19,1
A-G1.045-C3,55475,20,1
A-G1.045-C3,55475,21,1
A-G1.045-C3,55475,22,1
A-G1.045-C3,55475,23,1
A-G1.045-C3,55475,24,1
A-G1.045-C3,55475,25,1
A-G1.045-C3,55475,26,1
A-G1.045-C3,55475,27,1
A-G1.045-C3,55475,28,1
A-G1.045-C3,55475,29,1
A-G1.045-C3,55475,30,1
A-G1.045-C3,55475,31,1
A-G1.045-C3,63394,0,1
A-G1.045-C3,63394,1,1
A-G1.045-C3,63394,2,1
A-G1.045-C3,63394,3,1
A-G1.045-C3,63394,4,1
A-G1.045-C3,63394,5,1
A-G1.045-C3,63394,6,1
A-G1.045-C3,63394,7,1
A-G1.045-C3,63394,8,1
A-G1.045-C3,63394,9,1
A-G1.045-C3,63394,10,1
A-G1.045-C3,63394,11,1
A-G1.045-C3,63394,12,1
A-G1.045-C3,63394,13,1
A-G1.045-C3,63394,14,0.9312689738925891
A-G1.045-C3,63394,15,1
A-G1.045-C3,63394,16,1
A-G1.045-C3,63394,17,1
A-G1.045-C3,63394,18,1
A-G1.045-C3,63394,19,1
A-G1.045-C3,63394,20,1
A-G1.045-C3,63394,21,1
A-G1.045-C3,63394,22,1
A-G1.045-C3,63394,23,1
A-G1.045-C3,63394,24,1
A-G1.045-C3,63394,25,1
A-G1.045-C3,63394,26,0.9962962962962997
A-G1.045-C3,63394,27,1
A-G1.045-C3,63394,28,1
A-G1.045-C3,63394,29,1
A-G1.045-C3,63394,30,1
A-G1.045-C3,63394,31,1
A-G1.045-C3,71313,0,1
A-G1.045-C3,71313,1,1
A-G1.045-C3,71313,2,1
A-G1.045-C3,71313,3,1
A-G1.045-C3,71313,4,1
A-G1.045-C3,71313,5,1
A-G1.045-C3,71313,6,1
A-G1.045-C3,71313,7,1
A-G1.045-C3,71313,8,1
A-G1.045-C3,71313,9,1
A-G1.045-C3,71313,10,1
A-G1.045-C3,71313,11,1
A-G1.045-C3,71313,12,1
A-G1.045-C3,71313,13,1
A-G1.045-C3,71313,14,1
A-G1.045-C3,71313,15,1
A-G1.045-C3,71313,16,1
A-G1.045-C3,71313,17,1
A-G1.045-C3,71313,18,1
A-G1.045-C3,71313,19,1
A-G1.045-C3,71313,20,1
A-G1.045-C3,71313,21,1
A-G1.045-C3,71313,22,1
A-G1.045-C3,71313,23,1
A-G1.045-C3,71313,24,1
A-G1.045-C3,71313,25,1
A-G1.045-C3,71313,26,1
A-G1.045-C3,71313,27,1
A-G1.045-C3,71313,28,1
A-G1.045-C3,71313,29,0.8962962962962896
A-G1.045-C3,71313,30,1
A-G1.045-C3,71313,31,1
A-G1.040-C3,79232,0,1
A-G1.040-C3,79232,1,1
A-G1.040-C3,79232,2,0.9962962962962965
A-G1.040-C3,79232,3,1
A-G1.040-C3,79232,4,1
A-G1.040-C3,79232,5,1
A-G1.040-C3,79232,6,1
A-G1.040-C3,79232,7,1
A-G1.040-C3,79232,8,1
A-G1.040-C3,79232,9,1
A-G1.040-C3,79232,10,1
A-G1.040-C3,79232,11,1
A-G1.040-C3,79232,12,1
A-G1.040-C3,79232,13,1
A-G1.040-C3,79232,14,1
A-G1.040-C3,79232,15,1
A-G1.040-C3,79232,16,1
A-G1.040-C3,79232,17,1
A-G1.040-C3,79232,18,1
A-G1.040-C3,79232,19,1
A-G1.040-C3,79232,20,1
A-G1.040-C3,79232,21,1
A-G1.040-C3,79232,22,1
A-G1.040-C3,79232,23,1
A-G1.040-C3,79232,24,1
A-G1.040-C3,79232,25,1
A-G1.040-C3,79232,26,1
A-G1.040-C3,79232,27,1
A-G1.040-C3,79232,28,1
A-G1.040-C3,79232,29,1
A-G1.040-C3,79232,30,1
A-G1.040-C3,79232,31,1
A-G1.040-C3,87151,0,1
A-G1.040-C3,87151,1,1
A-G1.040-C3,87151,2,1
A-G1.040-C3,87151,3,1
A-G1.040-C3,87151,4,1
A-G1.040-C3,87151,5,1
A-G1.040-C3,87151,6,1
A-G1.040-C3,87151,7,1
A-G1.040-C3,87151,8,1
A-G1.040-C3,87151,9,1
A-G1.040-C3,87151,10,1
A-G1.040-C3,87151,11,1
A-G1.040-C3,87151,12,1
A-G1.040-C3,87151,13,1
A-G1.040-C3,87151,14,1
A-G1.040-C3,87151,15,1
A-G1.040-C3,87151,16,1
A-G1.040-C3,87151,17,1
A-G1.040-C3,87151,18,1
A-G1.040-C3,87151,19,1
A-G1.040-C3,87151,20,1
A-G1.040-C3,87151,21,1
A-G1.040-C3,87151,22,1
A-G1.040-C3,87151,23,1
A-G1.040-C3,87151,24,1
A-G1.040-C3,87151,25,1
A-G1.040-C3,87151,26,1
A-G1.040-C3,87151,27,1
A-G1.040-C3,87151,28,1
A-G1.040-C3,87151,29,1
A-G1.040-C3,87151,30,1
A-G1.040-C3,95070,0,1
A-G1.040-C3,95070,1,1
A-G1.040-C3,95070,2,1
A-G1.040-C3,95070,3,1
A-G1.040-C3,95070,4,1
A-G1.040-C3,95070,5,1
A-G1.040-C3,95070,6,1
A-G1.040-C3,95070,7,1
A-G1.040-C3,95070,8,1
A-G1.040-C3,95070,9,1
A-G1.040-C3,95070,10,1
A-G1.040-C3,95070,11,1
A-G1.040-C3,95070,12,1
A-G1.040-C3,95070,13,1
A-G1.040-C3,95070,14,1
A-G1.040-C3,95070,15,1
A-G1.040-C3,95070,16,1
A-G1.040-C3,95070,17,1
A-G1.040-C3,95070,18,1
A-G1.040-C3,95070,19,1
A-G1.040-C3,95070,20,1
A-G1.040-C3,95070,21,1
A-G1.040-C3,95070,22,1
A-G1.040-C3,95070,23,1
A-G1.040-C3,95070,24,1
A-G1.040-C3,95070,25,1
A-G1.040-C3,95070,26,1
A-G1.040-C3,95070,27,1
A-G1.040-C3,95070,28,1
A-G1.040-C3,95070,29,1
A-G1.040-C3,95070,30,1
A-G1.040-C3,95070,31,1
A-G1.040-C3,102989,0,1
A-G1.040-C3,102989,1,1
A-G1.040-C3,102989,2,1
A-G1.040-C3,102989,3,1
A-G1.040-C3,102989,4,1
A-G1.040-C3,102989,5,1
A-G1.040-C3,102989,6,1
A-G1.040-C3,102989,7,1
A-G1.040-C3,102989,8,1
A-G1.040-C3,102989,9,1
A-G1.040-C3,102989,10,1
A-G1.040-C3,102989,11,1
A-G1.040-C3,102989,12,1
A-G1.040-C3,102989,13,1
A-G1.040-C3,102989,14,1
A-G1.040-C3,102989,15,1
A-G1.040-C3,102989,16,1
A-G1.040-C3,102989,17,1
A-G1.040-C3,102989,18,1
A-G1.040-C3,102989,19,1
A-G1.040-C3,102989,20,1
A-G1.040-C3,102989,21,1
A-G1.040-C3,102989,22,1
A-G1.040-C3,102989,23,1
A-G1.040-C3,102989,24,1
A-G1.040-C3,102989,25,1
A-G1.040-C3,102989,26,1
A-G1.040-C3,102989,27,1
A-G1.040-C3,102989,28,1
A-G1.040-C3,102989,29,1
A-G1.040-C3,102989,30,1
A-G1.040-C3,102989,31,1
A-G1.040-C3,110908,0,1
A-G1.040-C3,110908,1,1
A-G1.040-C3,110908,2,1
A-G1.040-C3,110908,3,1
A-G1.040-C3,110908,4,1
A-G1.040-C3,110908,5,1
A-G1.040-C3,110908,6,1
A-G1.040-C3,110908,7,1
A-G1.040-C3,110908,8,1
A-G1.040-C3,110908,9,1
A-G1.040-C3,110908,10,1
A-G1.040-C3,110908,11,1
A-G1.040-C3,110908,12,1
A-G1.040-C3,110908,13,1
A-G1.040-C3,110908,14,1
A-G1.040-C3,110908,15,1
A-G1.040-C3,110908,16,1
A-G1.040-C3,110908,17,1
A-G1.040-C3,110908,18,1
A-G1.040-C3,110908,19,1
A-G1.040-C3,110908,20,1
A-G1.040-C3,110908,21,1
A-G1.040-C3,110908,22,1
A-G1.040-C3,110908,23,1
A-G1.040-C3,110908,24,1
A-G1.040-C3,110908,25,1
A-G1.040-C3,110908,26,1
A-G1.040-C3,110908,27,1
A-G1.040-C3,110908,28,1
A-G1.040-C3,110908,29,1
A-G1.040-C3,110908,30,1
A-G1.040-C3,118827,0,1
A-G1.040-C3,118827,1,1
A-G1.040-C3,118827,2,1
A-G1.040-C3,118827,3,1
A-G1.040-C3,118827,4,1
A-G1.040-C3,118827,5,1
A-G1.040-C3,118827,6,1
A-G1.040-C3,118827,7,1
A-G1.040-C3,118827,8,1
A-G1.040-C3,118827,9,1
A-G1.040-C3,118827,10,1
A-G1.040-C3,118827,11,1
A-G1.040-C3,118827,12,1
A-G1.040-C3,118827,13,1
A-G1.040-C3,118827,14,1
A-G1.040-C3,118827,15,1
A-G1.040-C3,118827,16,1
A-G1.040-C3,118827,17,1
A-G1.040-C3,118827,18,1
A-G1.040-C3,118827,19,1
A-G1.040-C3,118827,20,1
A-G1.040-C3,118827,21,1
A-G1.040-C3,118827,22,1
A-G1.040-C3,118827,23,1
A-G1.040-C3,118827,24,1
A-G1.040-C3,118827,25,1
A-G1.040-C3,118827,26,1
A-G1.040-C3,118827,27,1
A-G1.040-C3,118827,28,1
A-G1.040-C3,118827,29,1
A-G1.040-C3,118827,30,1
A-G1.040-C3,118827,31,1
A-G1.040-C3,126746,0,1
A-G1.040-C3,126746,1,1
A-G1.040-C3,126746,2,0.9829629629629627
A-G1.040-C3,126746,3,1
A-G1.040-C3,126746,4,1
A-G1.040-C3,126746,5,1
A-G1.040-C3,126746,6,1
A-G1.040-C3,126746,7,1
A-G1.040-C3,126746,8,1
A-G1.040-C3,126746,9,1
A-G1.040-C3,126746,10,1
A-G1.040-C3,126746,11,1
A-G1.040-C3,126746,12,1
A-G1.040-C3,126746,13,1
A-G1.040-C3,126746,14,1
A-G1.040-C3,126746,15,1
A-G1.040-C3,126746,16,1
A-G1.040-C3,126746,17,1
A-G1.040-C3,126746,18,1
A-G1.040-C3,126746,19,1
A-G1.040-C3,126746,20,1
A-G1.040-C3,126746,21,1
A-G1.040-C3,126746,22,1
A-G1.040-C3,126746,23,1
A-G1.040-C3,126746,24,1
A-G1.040-C3,126746,25,1
A-G1.040-C3,126746,26,1
A-G1.040-C3,126746,27,1
A-G1.040-C3,126746,28,1
A-G1.040-C3,126746,29,1
A-G1.040-C3,126746,30,1
A-G1.040-C3,126746,31,1
A-G1.040-C3,134665,0,1
A-G1.040-C3,134665,1,1
A-G1.040-C3,134665,2,1
A-G1.040-C3,134665,3,1
A-G1.040-C3,134665,4,1
A-G1.040-C3,134665,5,1
A-G1.040-C3,134665,6,1
A-G1.040-C3,134665,7,1
A-G1.040-C3,134665,8,1
A-G1.040-C3,134665,9,1
A-G1.040-C3,134665,10,1
A-G1.040-C3,134665,11,1
A-G1.040-C3,134665,12,1
A-G1.040-C3,134665,13,1
A-G1.040-C3,134665,14,0.896296296296298
A-G1.040-C3,134665,15,1
A-G1.040-C3,134665,16,1
A-G1.040-C3,134665,17,1
A-G1.040-C3,134665,18,1
A-G1.040-C3,134665,19,1
A-G1.040-C3,134665,20,1
A-G1.040-C3,134665,21,1
A-G1.040-C3,134665,22,1
A-G1.040-C3,134665,23,1
A-G1.040-C3,134665,24,1
A-G1.040-C3,134665,25,0.9985185185185199
A-G1.040-C3,134665,26,1
A-G1.040-C3,134665,27,1
A-G1.040-C3,134665,28,1
A-G1.040-C3,134665,29,1
A-G1.040-C3,134665,30,1
A-G1.040-C3,134665,31,1
A-G1.040-C3,142584,0,1
A-G1.040-C3,142584,1,1
A-G1.040-C3,142584,2,1
A-G1.040-C3,142584,3,1
A-G1.040-C3,142584,4,1
A-G1.040-C3,142584,5,1
A-G1.040-C3,142584,6,1
A-G1.040-C3,142584,7,1
A-G1.040-C3,142584,8,1
A-G1.040-C3,142584,9,1
A-G1.040-C3,142584,10,1
A-G1.040-C3,142584,11,1
A-G1.040-C3,142584,12,1
A-G1.040-C3,142584,13,1
A-G1.040-C3,142584,14,1
A-G1.040-C3,142584,15,1
A-G1.040-C3,142584,16,1
A-G1.040-C3,142584,17,1
A-G1.040-C3,142584,18,1
A-G1.040-C3,142584,19,1
A-G1.040-C3,142584,20,1
A-G1.040-C3,142584,21,1
A-G1.040-C3,142584,22,1
A-G1.040-C3,142584,23,1
A-G1.040-C3,142584,24,1
A-G1.040-C3,142584,25,1
A-G1.040-C3,142584,26,1
A-G1.040-C3,142584,27,1
A-G1.040-C3,142584,28,1
A-G1.040-C3,142584,29,1
A-G1.040-C3,142584,30,1
A-G1.040-C3,150503,0,1
A-G1.040-C3,150503,1,1
A-G1.040-C3,150503,2,1
A-G1.040-C3,150503,3,1
A-G1.040-C3,150503,4,1
A-G1.040-C3,150503,5,1
A-G1.040-C3,150503,6,1
A-G1.040-C3,150503,7,1
A-G1.040-C3,150503,8,1
A-G1.040-C3,150503,9,1
A-G1.040-C3,150503,10,1
A-G1.040-C3,150503,11,1
A-G1.040-C3,150503,12,1
A-G1.040-C3,150503,13,1
A-G1.040-C3,150503,14,1
A-G1.040-C3,150503,15,1
A-G1.040-C3,150503,16,1
A-G1.040-C3,150503,17,1
A-G1.040-C3,150503,18,1
A-G1.040-C3,150503,19,1
A-G1.040-C3,150503,20,1
A-G1.040-C3,150503,21,1
A-G1.040-C3,150503,22,1
A-G1.040-C3,150503,23,0.9783475783481461
A-G1.040-C3,150503,24,1
A-G1.040-C3,150503,25,1
A-G1.040-C3,150503,26,1
A-G1.040-C3,150503,27,1
A-G1.040-C3,150503,28,1
A-G1.040-C3,150503,29,1
A-G1.040-C3,150503,30,1
A-G1.040-C3,158422,0,1
A-G1.040-C3,158422,1,1
A-G1.040-C3,158422,2,1
A-G1.040-C3,158422,3,1
A-G1.040-C3,158422,4,1
A-G1.040-C3,158422,5,1
A-G1.040-C3,158422,6,1
A-G1.040-C3,158422,7,1
A-G1.040-C3,158422,8,1
A-G1.040-C3,158422,9,1
A-G1.040-C3,158422,10,1
A-G1.040-C3,158422,11,1
A-G1.040-C3,158422,12,1
A-G1.040-C3,158422,13,1
A-G1.040-C3,158422,14,1
A-G1.040-C3,158422,15,1
A-G1.040-C3,158422,16,1
A-G1.040-C3,158422,17,1
A-G1.040-C3,158422,18,1
A-G1.040-C3,158422,19,1
A-G1.040-C3,158422,20,1
A-G1.040-C3,158422,21,1
A-G1.040-C3,158422,22,1
A-G1.040-C3,158422,23,1
A-G1.040-C3,158422,24,1
A-G1.040-C3,158422,25,1
A-G1.040-C3,158422,26,1
A-G1.040-C3,158422,27,1
A-G1.040-C3,158422,28,1
A-G1.040-C3,158422,29,1
A-G1.040-C3,158422,30,1
A-G1.040-C3,158422,31,1
A-G1.040-C3,166341,0,1
A-G1.040-C3,166341,1,1
A-G1.040-C3,166341,2,1
A-G1.040-C3,166341,3,1
A-G1.040-C3,166341,4,1
A-G1.040-C3,166341,5,1
A-G1.040-C3,166341,6,1
A-G1.040-C3,166341,7,1
A-G1.040-C3,166341,8,0.9962962962962955
A-G1.040-C3,166341,9,1
A-G1.040-C3,166341,10,1
A-G1.040-C3,166341,11,1
A-G1.040-C3,166341,12,1
A-G1.040-C3,166341,13,1
A-G1.040-C3,166341,14,1
A-G1.040-C3,166341,15,1
A-G1.040-C3,166341,16,1
A-G1.040-C3,166341,17,1
A-G1.040-C3,166341,18,1
A-G1.040-C3,166341,19,1
A-G1.040-C3,166341,20,1
A-G1.040-C3,166341,21,1
A-G1.040-C3,166341,22,1
A-G1.040-C3,166341,23,1
A-G1.040-C3,166341,24,1
A-G1.040-C3,166341,25,1
A-G1.040-C3,166341,26,1
A-G1.040-C3,166341,27,1
A-G1.040-C3,166341,28,1
A-G1.040-C3,166341,29,1
A-G1.040-C3,166341,30,1
A-G1.040-C3,174260,0,1
A-G1.040-C3,174260,1,1
A-G1.040-C3,174260,2,1
A-G1.040-C3,174260,3,1
A-G1.040-C3,174260,4,1
A-G1.040-C3,174260,5,1
A-G1.040-C3,174260,6,1
A-G1.040-C3,174260,7,1
A-G1.040-C3,174260,8,0.9818518518518515
A-G1.040-C3,174260,9,1
A-G1.040-C3,174260,10,1
A-G1.040-C3,174260,11,1
A-G1.040-C3,174260,12,1
A-G1.040-C3,174260,13,1
A-G1.040-C3,174260,14,1
A-G1.040-C3,174260,15,1
A-G1.040-C3,174260,16,1
A-G1.040-C3,174260,17,1
A-G1.040-C3,174260,18,1
A-G1.040-C3,174260,19,1
A-G1.040-C3,174260,20,1
A-G1.040-C3,174260,21,1
A-G1.040-C3,174260,22,0.9429739640629662
A-G1.040-C3,174260,23,1
A-G1.040-C3,174260,24,1
A-G1.040-C3,174260,25,1
A-G1.040-C3,174260,26,1
A-G1.040-C3,174260,27,1
A-G1.040-C3,174260,28,1
A-G1.040-C3,174260,29,1
A-G1.040-C3,174260,30,1
A-G1.040-C3,174260,31,1
A-G1.040-C3,182179,0,1
A-G1.040-C3,182179,1,1
A-G1.040-C3,182179,2,1
A-G1.040-C3,182179,3,1
A-G1.040-C3,182179,4,1
A-G1.040-C3,182179,5,1
A-G1.040-C3,182179,6,1
A-G1.040-C3,182179,7,1
A-G1.040-C3,182179,8,1
A-G1.040-C3,182179,9,1
A-G1.040-C3,182179,10,1
A-G1.040-C3,182179,11,1
A-G1.040-C3,182179,12,1
A-G1.040-C3,182179,13,1
A-G1.040-C3,182179,14,1
A-G1.040-C3,182179,15,1
A-G1.040-C3,182179,16,1
A-G1.040-C3,182179,17,1
A-G1.040-C3,182179,18,1
A-G1.040-C3,182179,19,1
A-G1.040-C3,182179,20,1
A-G1.040-C3,182179,21,1
A-G1.040-C3,182179,22,1
A-G1.040-C3,182179,23,1
A-G1.040-C3,182179,24,1
A-G1.040-C3,182179,25,1
A-G1.040-C3,182179,26,1
A-G1.040-C3,182179,27,1
A-G1.040-C3,182179,28,1
A-G1.040-C3,182179,29,1
A-G1.040-C3,182179,30,1
A-G1.040-C3,182179,31,1
A-G1.040-C3,190098,0,1
A-G1.040-C3,190098,1,1
A-G1.040-C3,190098,2,1
A-G1.040-C3,190098,3,1
A-G1.040-C3,190098,4,1
A-G1.040-C3,190098,5,1
A-G1.040-C3,190098,6,1
A-G1.040-C3,190098,7,1
A-G1.040-C3,190098,8,1
A-G1.040-C3,190098,9,1
A-G1.040-C3,190098,10,1
A-G1.040-C3,190098,11,1
A-G1.040-C3,190098,12,1
A-G1.040-C3,190098,13,1
A-G1.040-C3,190098,14,1
A-G1.040-C3,190098,15,1
A-G1.040-C3,190098,16,1
A-G1.040-C3,190098,17,1
A-G1.040-C3,190098,18,1
A-G1.040-C3,190098,19,1
A-G1.040-C3,190098,20,1
A-G1.040-C3,190098,21,1
A-G1.040-C3,190098,22,1
A-G1.040-C3,190098,23,1
A-G1.040-C3,190098,24,1
A-G1.040-C3,190098,25,1
A-G1.040-C3,190098,26,1
A-G1.040-C3,190098,27,1
A-G1.040-C3,190098,28,1
A-G1.040-C3,190098,29,1
A-G1.040-C3,190098,30,1
A-G1.040-C3,190098,31,1
A-G1.040-C3,198017,0,1
A-G1.040-C3,198017,1,1
A-G1.040-C3,198017,2,0.9962962962962965
A-G1.040-C3,198017,3,1
A-G1.040-C3,198017,4,1
A-G1.040-C3,198017,5,1
A-G1.040-C3,198017,6,1
A-G1.040-C3,198017,7,1
A-G1.040-C3,198017,8,1
A-G1.040-C3,198017,9,1
A-G1.040-C3,198017,10,1
A-G1.040-C3,198017,11,1
A-G1.040-C3,198017,12,1
A-G1.040-C3,198017,13,1
A-G1.040-C3,198017,14,1
A-G1.040-C3,198017,15,1
A-G1.040-C3,198017,16,1
A-G1.040-C3,198017,17,1
A-G1.040-C3,198017,18,1
A-G1.040-C3,198017,19,1
A-G1.040-C3,198017,20,1
A-G1.040-C3,198017,21,1
A-G1.040-C3,198017,22,1
A-G1.040-C3,198017,23,1
A-G1.040-C3,198017,24,1
A-G1.040-C3,198017,25,1
A-G1.040-C3,198017,26,1
A-G1.040-C3,198017,27,1
A-G1.040-C3,198017,28,1
A-G1.040-C3,198017,29,1
A-G1.040-C3,198017,30,1
A-G1.040-C3,198017,31,1
A-G1.040-C3,205936,0,1
A-G1.040-C3,205936,1,1
A-G1.040-C3,205936,2,1
A-G1.040-C3,205936,3,1
A-G1.040-C3,205936,4,1
A-G1.040-C3,205936,5,1
A-G1.040-C3,205936,6,1
A-G1.040-C3,205936,7,1
A-G1.040-C3,205936,8,1
A-G1.040-C3,205936,9,1
A-G1.040-C3,205936,10,1
A-G1.040-C3,205936,11,1
A-G1.040-C3,205936,12,1
A-G1.040-C3,205936,13,1
A-G1.040-C3,205936,14,1
A-G1.040-C3,205936,15,1
A-G1.040-C3,205936,16,1
A-G1.040-C3,205936,17,1
A-G1.040-C3,205936,18,1
A-G1.040-C3,205936,19,1
A-G1.040-C3,205936,20,1
A-G1.040-C3,205936,21,1
A-G1.040-C3,205936,22,0.984085075174082
A-G1.040-C3,205936,23,1
A-G1.040-C3,205936,24,1
A-G1.040-C3,205936,25,1
A-G1.040-C3,205936,26,1
A-G1.040-C3,205936,27,1
A-G1.040-C3,205936,28,1
A-G1.040-C3,205936,29,1
A-G1.040-C3,205936,30,1
A-G1.040-C3,205936,31,1
A-G1.040-C3,213855,0,1
A-G1.040-C3,213855,1,1
A-G1.040-C3,213855,2,1
A-G1.040-C3,213855,3,1
A-G1.040-C3,213855,4,1
A-G1.040-C3,213855,5,1
A-G1.040-C3,213855,6,1
A-G1.040-C3,213855,7,1
A-G1.040-C3,213855,8,1
A-G1.040-C3,213855,9,1
A-G1.040-C3,213855,10,1
A-G1.040-C3,213855,11,1
A-G1.040-C3,213855,12,1
A-G1.040-C3,213855,13,1
A-G1.040-C3,213855,14,1
A-G1.040-C3,213855,15,1
A-G1.040-C3,213855,16,1
A-G1.040-C3,213855,17,1
A-G1.040-C3,213855,18,1
A-G1.040-C3,213855,19,1
A-G1.040-C3,213855,20,1
A-G1.040-C3,213855,21,1
A-G1.040-C3,213855,22,1
A-G1.040-C3,213855,23,1
A-G1.040-C3,213855,24,1
A-G1.040-C3,213855,25,1
A-G1.040-C3,213855,26,1
A-G1.040-C3,213855,27,1
A-G1.040-C3,213855,28,1
A-G1.040-C3,213855,29,1
A-G1.040-C3,213855,30,1
A-G1.040-C3,221774,0,1
A-G1.040-C3,221774,1,1
A-G1.040-C3,221774,2,1
A-G1.040-C3,221774,3,1
A-G1.040-C3,221774,4,1
A-G1.040-C3,221774,5,1
A-G1.040-C3,221774,6,1
A-G1.040-C3,221774,7,1
A-G1.040-C3,221774,8,1
A-G1.040-C3,221774,9,1
A-G1.040-C3,221774,10,1
A-G1.040-C3,221774,11,1
A-G1.040-C3,221774,12,1
A-G1.040-C3,221774,13,1
A-G1.040-C3,221774,14,1
A-G1.040-C3,221774,15,1
A-G1.040-C3,221774,16,1
A-G1.040-C3,221774,17,1
A-G1.040-C3,221774,18,1
A-G1.040-C3,221774,19,1
A-G1.040-C3,221774,20,1
A-G1.040-C3,221774,21,1
A-G1.040-C3,221774,22,1
A-G1.040-C3,221774,23,1
A-G1.040-C3,221774,24,1
A-G1.040-C3,221774,25,1
A-G1.040-C3,221774,26,1
A-G1.040-C3,221774,27,1
A-G1.040-C3,221774,28,1
A-G1.040-C3,221774,29,1
A-G1.040-C3,221774,30,1
A-G1.040-C3,221774,31,1
A-G1.040-C3,229693,0,1
A-G1.040-C3,229693,1,1
A-G1.040-C3,229693,2,1
A-G1.040-C3,229693,3,1
A-G1.040-C3,229693,4,1
A-G1.040-C3,229693,5,1
A-G1.040-C3,229693,6,1
A-G1.040-C3,229693,7,1
A-G1.040-C3,229693,8,1
A-G1.040-C3,229693,9,1
A-G1.040-C3,229693,10,1
A-G1.040-C3,229693,11,1
A-G1.040-C3,229693,12,1
A-G1.040-C3,229693,13,1
A-G1.040-C3,229693,14,1
A-G1.040-C3,229693,15,1
A-G1.040-C3,229693,16,1
A-G1.040-C3,229693,17,1
A-G1.040-C3,229693,18,1
A-G1.040-C3,229693,19,1
A-G1.040-C3,229693,20,1
A-G1.040-C3,229693,21,1
A-G1.040-C3,229693,22,1
A-G1.040-C3,229693,23,1
A-G1.040-C3,229693,24,1
A-G1.040-C3,229693,25,1
A-G1.040-C3,229693,26,1
A-G1.040-C3,229693,27,1
A-G1.040-C3,229693,28,1
A-G1.040-C3,229693,29,1
A-G1.040-C3,229693,30,1
A-G1.042-C3,79232,0,1
A-G1.042-C3,79232,1,1
A-G1.042-C3,79232,2,1
A-G1.042-C3,79232,3,1
A-G1.042-C3,79232,4,1
A-G1.042-C3,79232,5,1
A-G1.042-C3,79232,6,1
A-G1.042-C3,79232,7,1
A-G1.042-C3,79232,8,1
A-G1.042-C3,79232,9,1
A-G1.042-C3,79232,10,1
A-G1.042-C3,79232,11,1
A-G1.042-C3,79232,12,1
A-G1.042-C3,79232,13,1
A-G1.042-C3,79232,14,1
A-G1.042-C3,79232,15,1
A-G1.042-C3,79232,16,1
A-G1.042-C3,79232,17,1
A-G1.042-C3,79232,18,1
A-G1.042-C3,79232,19,1
A-G1.042-C3,79232,20,1
A-G1.042-C3,79232,21,1
A-G1.042-C3,79232,22,1
A-G1.042-C3,79232,23,1
A-G1.042-C3,79232,24,1
A-G1.042-C3,79232,25,0.9629629629629629
A-G1.042-C3,79232,26,1
A-G1.042-C3,79232,27,1
A-G1.042-C3,79232,28,1
A-G1.042-C3,79232,29,1
A-G1.042-C3,79232,30,1
A-G1.042-C3,79232,31,1
A-G1.042-C3,87151,0,1
A-G1.042-C3,87151,1,1
A-G1.042-C3,87151,2,1
A-G1.042-C3,87151,3,1
A-G1.042-C3,87151,4,1
A-G1.042-C3,87151,5,1
A-G1.042-C3,87151,6,1
A-G1.042-C3,87151,7,1
A-G1.042-C3,87151,8,1
A-G1.042-C3,87151,9,1
A-G1.042-C3,87151,10,1
A-G1.042-C3,87151,11,1
A-G1.042-C3,87151,12,1
A-G1.042-C3,87151,13,1
A-G1.042-C3,87151,14,1
A-G1.042-C3,87151,15,1
A-G1.042-C3,87151,16,1
A-G1.042-C3,87151,17,1
A-G1.042-C3,87151,18,1
A-G1.042-C3,87151,19,1
A-G1.042-C3,87151,20,1
A-G1.042-C3,87151,21,1
A-G1.042-C3,87151,22,1
A-G1.042-C3,87151,23,1
A-G1.042-C3,87151,24,1
A-G1.042-C3,87151,25,1
A-G1.042-C3,87151,26,1
A-G1.042-C3,87151,27,1
A-G1.042-C3,87151,28,1
A-G1.042-C3,87151,29,1
A-G1.042-C3,87151,30,1
A-G1.042-C3,87151,31,1
A-G1.042-C3,95070,0,1
A-G1.042-C3,95070,1,1
A-G1.042-C3,95070,2,1
A-G1.042-C3,95070,3,1
A-G1.042-C3,95070,4,1
A-G1.042-C3,95070,5,1
A-G1.042-C3,95070,6,1
A-G1.042-C3,95070,7,1
A-G1.042-C3,95070,8,1
A-G1.042-C3,95070,9,0.9196296296296311
A-G1.042-C3,95070,10,1
A-G1.042-C3,95070,11,1
A-G1.042-C3,95070,12,1
A-G1.042-C3,95070,13,1
A-G1.042-C3,95070,14,1
A-G1.042-C3,95070,15,1
A-G1.042-C3,95070,16,1
A-G1.042-C3,95070,17,1
A-G1.042-C3,95070,18,1
A-G1.042-C3,95070,19,1
A-G1.042-C3,95070,20,1
A-G1.042-C3,95070,21,1
A-G1.042-C3,95070,22,1
A-G1.042-C3,95070,23,1
A-G1.042-C3,95070,24,1
A-G1.042-C3,95070,25,1
A-G1.042-C3,95070,26,1
A-G1.042-C3,95070,27,1
A-G1.042-C3,95070,28,0.9636819172111178
A-G1.042-C3,95070,29,1
A-G1.042-C3,95070,30,1
A-G1.042-C3,95070,31,1
A-G1.042-C3,102989,0,1
A-G1.042-C3,102989,1,1
A-G1.042-C3,102989,2,1
A-G1.042-C3,102989,3,1
A-G1.042-C3,102989,4,1
A-G1.042-C3,102989,5,1
A-G1.042-C3,102989,6,1
A-G1.042-C3,102989,7,0.8922222222222234
A-G1.042-C3,102989,8,1
A-G1.042-C3,102989,9,1
A-G1.042-C3,102989,10,1
A-G1.042-C3,102989,11,1
A-G1.042-C3,102989,12,1
A-G1.042-C3,102989,13,1
A-G1.042-C3,102989,14,1
A-G1.042-C3,102989,15,1
A-G1.042-C3,102989,16,1
A-G1.042-C3,102989,17,1
A-G1.042-C3,102989,18,1
A-G1.042-C3,102989,19,1
A-G1.042-C3,102989,20,1
A-G1.042-C3,102989,21,1
A-G1.042-C3,102989,22,1
A-G1.042-C3,102989,23,1
A-G1.042-C3,102989,24,1
A-G1.042-C3,102989,25,0.9629629629629629
A-G1.042-C3,102989,26,1
A-G1.042-C3,102989,27,1
A-G1.042-C3,102989,28,1
A-G1.042-C3,102989,29,1
A-G1.042-C3,102989,30,1
A-G1.042-C3,102989,31,1
A-G1.042-C3,110908,0,1
A-G1.042-C3,110908,1,1
A-G1.042-C3,110908,2,1
A-G1.042-C3,110908,3,1
A-G1.042-C3,110908,4,1
A-G1.042-C3,110908,5,1
A-G1.042-C3,110908,6,1
A-G1.042-C3,110908,7,1
A-G1.042-C3,110908,8,1
A-G1.042-C3,110908,9,0.978888888888887
A-G1.042-C3,110908,10,1
A-G1.042-C3,110908,11,1
A-G1.042-C3,110908,12,1
A-G1.042-C3,110908,13,1
A-G1.042-C3,110908,14,1
A-G1.042-C3,110908,15,0.9634391534388871
A-G1.042-C3,110908,16,1
A-G1.042-C3,110908,17,1
A-G1.042-C3,110908,18,1
A-G1.042-C3,110908,19,1
A-G1.042-C3,110908,20,1
A-G1.042-C3,110908,21,1
A-G1.042-C3,110908,22,1
A-G1.042-C3,110908,23,1
A-G1.042-C3,110908,24,1
A-G1.042-C3,110908,25,1
A-G1.042-C3,110908,26,0.9174184085074086
A-G1.042-C3,110908,27,1
A-G1.042-C3,110908,28,1
A-G1.042-C3,110908,29,1
A-G1.042-C3,110908,30,1
A-G1.042-C3,118827,0,1
A-G1.042-C3,118827,1,1
A-G1.042-C3,118827,2,1
A-G1.042-C3,118827,3,1
A-G1.042-C3,118827,4,1
A-G1.042-C3,118827,5,1
A-G1.042-C3,118827,6,1
A-G1.042-C3,118827,7,1
A-G1.042-C3,118827,8,0.9818518518518515
A-G1.042-C3,118827,9,1
A-G1.042-C3,118827,10,1
A-G1.042-C3,118827,11,1
A-G1.042-C3,118827,12,1
A-G1.042-C3,118827,13,1
A-G1.042-C3,118827,14,1
A-G1.042-C3,118827,15,1
A-G1.042-C3,118827,16,1
A-G1.042-C3,118827,17,1
A-G1.042-C3,118827,18,1
A-G1.042-C3,118827,19,1
A-G1.042-C3,118827,20,1
A-G1.042-C3,118827,21,1
A-G1.042-C3,118827,22,1
A-G1.042-C3,118827,23,1
A-G1.042-C3,118827,24,0.8829739640629702
A-G1.042-C3,118827,25,1
A-G1.042-C3,118827,26,1
A-G1.042-C3,118827,27,1
A-G1.042-C3,118827,28,1
A-G1.042-C3,118827,29,1
A-G1.042-C3,118827,30,0.9157764186203773
A-G1.042-C3,126746,0,1
A-G1.042-C3,126746,1,1
A-G1.042-C3,126746,2,1
A-G1.042-C3,126746,3,1
A-G1.042-C3,126746,4,1
A-G1.042-C3,126746,5,1
A-G1.042-C3,126746,6,1
A-G1.042-C3,126746,7,1
A-G1.042-C3,126746,8,1
A-G1.042-C3,126746,9,1
A-G1.042-C3,126746,10,1
A-G1.042-C3,126746,11,1
A-G1.042-C3,126746,12,1
A-G1.042-C3,126746,13,1
A-G1.042-C3,126746,14,1
A-G1.042-C3,126746,15,1
A-G1.042-C3,126746,16,1
A-G1.042-C3,126746,17,1
A-G1.042-C3,126746,18,1
A-G1.042-C3,126746,19,1
A-G1.042-C3,126746,20,1
A-G1.042-C3,126746,21,1
A-G1.042-C3,126746,22,1
A-G1.042-C3,126746,23,1
A-G1.042-C3,126746,24,1
A-G1.042-C3,126746,25,1
A-G1.042-C3,126746,26,1
A-G1.042-C3,126746,27,1
A-G1.042-C3,126746,28,1
A-G1.042-C3,126746,29,1
A-G1.042-C3,126746,30,1
A-G1.042-C3,126746,31,1
A-G1.042-C3,134665,0,1
A-G1.042-C3,134665,1,1
A-G1.042-C3,134665,2,1
A-G1.042-C3,134665,3,1
A-G1.042-C3,134665,4,1
A-G1.042-C3,134665,5,1
A-G1.042-C3,134665,6,1
A-G1.042-C3,134665,7,1
A-G1.042-C3,134665,8,1
A-G1.042-C3,134665,9,1
A-G1.042-C3,134665,10,1
A-G1.042-C3,134665,11,1
A-G1.042-C3,134665,12,1
A-G1.042-C3,134665,13,1
A-G1.042-C3,134665,14,1
A-G1.042-C3,134665,15,1
A-G1.042-C3,134665,16,1
A-G1.042-C3,134665,17,1
A-G1.042-C3,134665,18,1
A-G1.042-C3,134665,19,1
A-G1.042-C3,134665,20,1
A-G1.042-C3,134665,21,1
A-G1.042-C3,134665,22,1
A-G1.042-C3,134665,23,1
A-G1.042-C3,134665,24,1
A-G1.042-C3,134665,25,1
A-G1.042-C3,134665,26,1
A-G1.042-C3,134665,27,1
A-G1.042-C3,134665,28,1
A-G1.042-C3,134665,29,1
A-G1.042-C3,134665,30,1
A-G1.042-C3,134665,31,1
A-G1.042-C3,142584,0,1
A-G1.042-C3,142584,1,1
A-G1.042-C3,142584,2,1
A-G1.042-C3,142584,3,1
A-G1.042-C3,142584,4,1
A-G1.042-C3,142584,5,1
A-G1.042-C3,142584,6,1
A-G1.042-C3,142584,7,1
A-G1.042-C3,142584,8,0.9962962962962955
A-G1.042-C3,142584,9,1
A-G1.042-C3,142584,10,1
A-G1.042-C3,142584,11,1
A-G1.042-C3,142584,12,1
A-G1.042-C3,142584,13,1
A-G1.042-C3,142584,14,1
A-G1.042-C3,142584,15,1
A-G1.042-C3,142584,16,1
A-G1.042-C3,142584,17,1
A-G1.042-C3,142584,18,1
A-G1.042-C3,142584,19,1
A-G1.042-C3,142584,20,1
A-G1.042-C3,142584,21,1
A-G1.042-C3,142584,22,1
A-G1.042-C3,142584,23,0.9381263616555602
A-G1.042-C3,142584,24,1
A-G1.042-C3,142584,25,1
A-G1.042-C3,142584,26,1
A-G1.042-C3,142584,27,1
A-G1.042-C3,142584,28,1
A-G1.042-C3,142584,29,1
A-G1.042-C3,142584,30,1
A-G1.042-C3,142584,31,1
A-G1.042-C3,150503,0,1
A-G1.042-C3,150503,1,1
A-G1.042-C3,150503,2,1
A-G1.042-C3,150503,3,1
A-G1.042-C3,150503,4,1
A-G1.042-C3,150503,5,1
A-G1.042-C3,150503,6,1
A-G1.042-C3,150503,7,1
A-G1.042-C3,150503,8,1
A-G1.042-C3,150503,9,1
A-G1.042-C3,150503,10,1
A-G1.042-C3,150503,11,1
A-G1.042-C3,150503,12,1
A-G1.042-C3,150503,13,1
A-G1.042-C3,150503,14,1
A-G1.042-C3,150503,15,1
A-G1.042-C3,150503,16,1
A-G1.042-C3,150503,17,1
A-G1.042-C3,150503,18,1
A-G1.042-C3,150503,19,1
A-G1.042-C3,150503,20,1
A-G1.042-C3,150503,21,1
A-G1.042-C3,150503,22,1
A-G1.042-C3,150503,23,1
A-G1.042-C3,150503,24,1
A-G1.042-C3,150503,25,1
A-G1.042-C3,150503,26,1
A-G1.042-C3,150503,27,1
A-G1.042-C3,150503,28,1
A-G1.042-C3,150503,29,1
A-G1.042-C3,150503,30,1
A-G1.042-C3,150503,31,1
A-G1.042-C3,158422,0,1
A-G1.042-C3,158422,1,1
A-G1.042-C3,158422,2,1
A-G1.042-C3,158422,3,1
A-G1.042-C3,158422,4,1
A-G1.042-C3,158422,5,1
A-G1.042-C3,158422,6,1
A-G1.042-C3,158422,7,1
A-G1.042-C3,158422,8,1
A-G1.042-C3,158422,9,1
A-G1.042-C3,158422,10,1
A-G1.042-C3,158422,11,1
A-G1.042-C3,158422,12,1
A-G1.042-C3,158422,13,1
A-G1.042-C3,158422,14,1
A-G1.042-C3,158422,15,1
A-G1.042-C3,158422,16,1
A-G1.042-C3,158422,17,1
A-G1.042-C3,158422,18,1
A-G1.042-C3,158422,19,1
A-G1.042-C3,158422,20,1
A-G1.042-C3,158422,21,1
A-G1.042-C3,158422,22,1
A-G1.042-C3,158422,23,1
A-G1.042-C3,158422,24,1
A-G1.042-C3,158422,25,1
A-G1.042-C3,158422,26,1
A-G1.042-C3,158422,27,1
A-G1.042-C3,158422,28,1
A-G1.042-C3,158422,29,1
A-G1.042-C3,158422,30,1
A-G1.042-C3,158422,31,1
A-G1.042-C3,166341,0,1
A-G1.042-C3,166341,1,1
A-G1.042-C3,166341,2,1
A-G1.042-C3,166341,3,1
A-G1.042-C3,166341,4,1
A-G1.042-C3,166341,5,1
A-G1.042-C3,166341,6,1
A-G1.042-C3,166341,7,1
A-G1.042-C3,166341,8,1
A-G1.042-C3,166341,9,1
A-G1.042-C3,166341,10,1
A-G1.042-C3,166341,11,1
A-G1.042-C3,166341,12,1
A-G1.042-C3,166341,13,1
A-G1.042-C3,166341,14,1
A-G1.042-C3,166341,15,1
A-G1.042-C3,166341,16,1
A-G1.042-C3,166341,17,1
A-G1.042-C3,166341,18,1
A-G1.042-C3,166341,19,1
A-G1.042-C3,166341,20,1
A-G1.042-C3,166341,21,1
A-G1.042-C3,166341,22,1
A-G1.042-C3,166341,23,1
A-G1.042-C3,166341,24,1
A-G1.042-C3,166341,25,1
A-G1.042-C3,166341,26,1
A-G1.042-C3,166341,27,1
A-G1.042-C3,166341,28,1
A-G1.042-C3,166341,29,1
A-G1.042-C3,166341,30,1
A-G1.042-C3,174260,0,1
A-G1.042-C3,174260,1,1
A-G1.042-C3,174260,2,1
A-G1.042-C3,174260,3,1
A-G1.042-C3,174260,4,1
A-G1.042-C3,174260,5,1
A-G1.042-C3,174260,6,1
A-G1.042-C3,174260,7,1
A-G1.042-C3,174260,8,1
A-G1.042-C3,174260,9,1
A-G1.042-C3,174260,10,1
A-G1.042-C3,174260,11,1
A-G1.042-C3,174260,12,1
A-G1.042-C3,174260,13,1
A-G1.042-C3,174260,14,1
A-G1.042-C3,174260,15,1
A-G1.042-C3,174260,16,1
A-G1.042-C3,174260,17,1
A-G1.042-C3,174260,18,1
A-G1.042-C3,174260,19,1
A-G1.042-C3,174260,20,1
A-G1.042-C3,174260,21,1
A-G1.042-C3,174260,22,1
A-G1.042-C3,174260,23,1
A-G1.042-C3,174260,24,1
A-G1.042-C3,174260,25,1
A-G1.042-C3,174260,26,1
A-G1.042-C3,174260,27,1
A-G1.042-C3,174260,28,1
A-G1.042-C3,174260,29,1
A-G1.042-C3,174260,30,1
A-G1.042-C3,174260,31,1
A-G1.042-C3,182179,0,1
A-G1.042-C3,182179,1,1
A-G1.042-C3,182179,2,1
A-G1.042-C3,182179,3,1
A-G1.042-C3,182179,4,1
A-G1.042-C3,182179,5,1
A-G1.042-C3,182179,6,1
A-G1.042-C3,182179,7,1
A-G1.042-C3,182179,8,1
A-G1.042-C3,182179,9,1
A-G1.042-C3,182179,10,1
A-G1.042-C3,182179,11,1
A-G1.042-C3,182179,12,1
A-G1.042-C3,182179,13,1
A-G1.042-C3,182179,14,1
A-G1.042-C3,182179,15,1
A-G1.042-C3,182179,16,1
A-G1.042-C3,182179,17,1
A-G1.042-C3,182179,18,1
A-G1.042-C3,182179,19,1
A-G1.042-C3,182179,20,1
A-G1.042-C3,182179,21,1
A-G1.042-C3,182179,22,1
A-G1.042-C3,182179,23,1
A-G1.042-C3,182179,24,1
A-G1.042-C3,182179,25,1
A-G1.042-C3,182179,26,1
A-G1.042-C3,182179,27,1
A-G1.042-C3,182179,28,1
A-G1.042-C3,182179,29,1
A-G1.042-C3,182179,30,1
A-G1.042-C3,190098,0,1
A-G1.042-C3,190098,1,1
A-G1.042-C3,190098,2,1
A-G1.042-C3,190098,3,1
A-G1.042-C3,190098,4,1
A-G1.042-C3,190098,5,1
A-G1.042-C3,190098,6,1
A-G1.042-C3,190098,7,1
A-G1.042-C3,190098,8,1
A-G1.042-C3,190098,9,1
A-G1.042-C3,190098,10,1
A-G1.042-C3,190098,11,1
A-G1.042-C3,190098,12,1
A-G1.042-C3,190098,13,1
A-G1.042-C3,190098,14,1
A-G1.042-C3,190098,15,1
A-G1.042-C3,190098,16,1
A-G1.042-C3,190098,17,1
A-G1.042-C3,190098,18,1
A-G1.042-C3,190098,19,1
A-G1.042-C3,190098,20,1
A-G1.042-C3,190098,21,1
A-G1.042-C3,190098,22,1
A-G1.042-C3,190098,23,1
A-G1.042-C3,190098,24,1
A-G1.042-C3,190098,25,1
A-G1.042-C3,190098,26,0.9262962962963044
A-G1.042-C3,190098,27,1
A-G1.042-C3,190098,28,1
A-G1.042-C3,190098,29,1
A-G1.042-C3,190098,30,1
A-G1.042-C3,190098,31,1
A-G1.042-C3,198017,0,1
A-G1.042-C3,198017,1,1
A-G1.042-C3,198017,2,0.8962962962962959
A-G1.042-C3,198017,3,1
A-G1.042-C3,198017,4,1
A-G1.042-C3,198017,5,1
A-G1.042-C3,198017,6,1
A-G1.042-C3,198017,7,1
A-G1.042-C3,198017,8,1
A-G1.042-C3,198017,9,1
A-G1.042-C3,198017,10,1
A-G1.042-C3,198017,11,1
A-G1.042-C3,198017,12,1
A-G1.042-C3,198017,13,1
A-G1.042-C3,198017,14,1
A-G1.042-C3,198017,15,1
A-G1.042-C3,198017,16,1
A-G1.042-C3,198017,17,1
A-G1.042-C3,198017,18,1
A-G1.042-C3,198017,19,1
A-G1.042-C3,198017,20,1
A-G1.042-C3,198017,21,1
A-G1.042-C3,198017,22,1
A-G1.042-C3,198017,23,1
A-G1.042-C3,198017,24,1
A-G1.042-C3,198017,25,1
A-G1.042-C3,198017,26,1
A-G1.042-C3,198017,27,1
A-G1.042-C3,198017,28,1
A-G1.042-C3,198017,29,1
A-G1.042-C3,198017,30,1
A-G1.042-C3,205936,0,1
A-G1.042-C3,205936,1,1
A-G1.042-C3,205936,2,1
A-G1.042-C3,205936,3,1
A-G1.042-C3,205936,4,1
A-G1.042-C3,205936,5,1
A-G1.042-C3,205936,6,1
A-G1.042-C3,205936,7,1
A-G1.042-C3,205936,8,1
A-G1.042-C3,205936,9,1
A-G1.042-C3,205936,10,1
A-G1.042-C3,205936,11,1
A-G1.042-C3,205936,12,1
A-G1.042-C3,205936,13,1
A-G1.042-C3,205936,14,1
A-G1.042-C3,205936,15,1
A-G1.042-C3,205936,16,1
A-G1.042-C3,205936,17,1
A-G1.042-C3,205936,18,1
A-G1.042-C3,205936,19,1
A-G1.042-C3,205936,20,1
A-G1.042-C3,205936,21,1
A-G1.042-C3,205936,22,1
A-G1.042-C3,205936,23,1
A-G1.042-C3,205936,24,1
A-G1.042-C3,205936,25,1
A-G1.042-C3,205936,26,1
A-G1.042-C3,205936,27,1
A-G1.042-C3,205936,28,1
A-G1.042-C3,205936,29,1
A-G1.042-C3,205936,30,1
A-G1.042-C3,205936,31,1
A-G1.042-C3,213855,0,1
A-G1.042-C3,213855,1,1
A-G1.042-C3,213855,2,1
A-G1.042-C3,213855,3,1
A-G1.042-C3,213855,4,1
A-G1.042-C3,213855,5,1
A-G1.042-C3,213855,6,1
A-G1.042-C3,213855,7,1
A-G1.042-C3,213855,8,1
A-G1.042-C3,213855,9,1
A-G1.042-C3,213855,10,1
A-G1.042-C3,213855,11,1
A-G1.042-C3,213855,12,1
A-G1.042-C3,213855,13,1
A-G1.042-C3,213855,14,1
A-G1.042-C3,213855,15,1
A-G1.042-C3,213855,16,1
A-G1.042-C3,213855,17,1
A-G1.042-C3,213855,18,1
A-G1.042-C3,213855,19,1
A-G1.042-C3,213855,20,1
A-G1.042-C3,213855,21,1
A-G1.042-C3,213855,22,1
A-G1.042-C3,213855,23,1
A-G1.042-C3,213855,24,1
A-G1.042-C3,213855,25,1
A-G1.042-C3,213855,26,1
A-G1.042-C3,213855,27,1
A-G1.042-C3,213855,28,1
A-G1.042-C3,213855,29,1
A-G1.042-C3,213855,30,1
A-G1.042-C3,213855,31,1
A-G1.042-C3,221774,0,1
A-G1.042-C3,221774,1,1
A-G1.042-C3,221774,2,1
A-G1.042-C3,221774,3,1
A-G1.042-C3,221774,4,1
A-G1.042-C3,221774,5,1
A-G1.042-C3,221774,6,1
A-G1.042-C3,221774,7,1
A-G1.042-C3,221774,8,1
A-G1.042-C3,221774,9,1
A-G1.042-C3,221774,10,1
A-G1.042-C3,221774,11,1
A-G1.042-C3,221774,12,1
A-G1.042-C3,221774,13,1
A-G1.042-C3,221774,14,1
A-G1.042-C3,221774,15,1
A-G1.042-C3,221774,16,1
A-G1.042-C3,221774,17,1
A-G1.042-C3,221774,18,1
A-G1.042-C3,221774,19,1
A-G1.042-C3,221774,20,1
A-G1.042-C3,221774,21,1
A-G1.042-C3,221774,22,1
A-G1.042-C3,221774,23,1
A-G1.042-C3,221774,24,0.9296296296296263
A-G1.042-C3,221774,25,1
A-G1.042-C3,221774,26,1
A-G1.042-C3,221774,27,1
A-G1.042-C3,221774,28,1
A-G1.042-C3,221774,29,1
A-G1.042-C3,221774,30,1
A-G1.042-C3,229693,0,1
A-G1.042-C3,229693,1,1
A-G1.042-C3,229693,2,1
A-G1.042-C3,229693,3,1
A-G1.042-C3,229693,4,1
A-G1.042-C3,229693,5,1
A-G1.042-C3,229693,6,1
A-G1.042-C3,229693,7,1
A-G1.042-C3,229693,8,1
A-G1.042-C3,229693,9,1
A-G1.042-C3,229693,10,1
A-G1.042-C3,229693,11,1
A-G1.042-C3,229693,12,1
A-G1.042-C3,229693,13,1
A-G1.042-C3,229693,14,0.8612689738925938
A-G1.042-C3,229693,15,1
A-G1.042-C3,229693,16,1
A-G1.042-C3,229693,17,1
A-G1.042-C3,229693,18,1
A-G1.042-C3,229693,19,1
A-G1.042-C3,229693,20,1
A-G1.042-C3,229693,21,1
A-G1.042-C3,229693,22,1
A-G1.042-C3,229693,23,1
A-G1.042-C3,229693,24,1
A-G1.042-C3,229693,25,1
A-G1.042-C3,229693,26,0.9962962962962997
A-G1.042-C3,229693,27,1
A-G1.042-C3,229693,28,1
A-G1.042-C3,229693,29,0.9978835978833255
A-G1.042-C3,229693,30,1
A-G1.045-C3,79232,0,0.9999999999981484
A-G1.045-C3,79232,1,1
A-G1.045-C3,79232,2,1
A-G1.045-C3,79232,3,1
A-G1.045-C3,79232,4,1
A-G1.045-C3,79232,5,1
A-G1.045-C3,79232,6,1
A-G1.045-C3,79232,7,1
A-G1.045-C3,79232,8,1
A-G1.045-C3,79232,9,1
A-G1.045-C3,79232,10,1
A-G1.045-C3,79232,11,1
A-G1.045-C3,79232,12,1
A-G1.045-C3,79232,13,1
A-G1.045-C3,79232,14,1
A-G1.045-C3,79232,15,1
A-G1.045-C3,79232,16,1
A-G1.045-C3,79232,17,1
A-G1.045-C3,79232,18,1
A-G1.045-C3,79232,19,1
A-G1.045-C3,79232,20,1
A-G1.045-C3,79232,21,1
A-G1.045-C3,79232,22,1
A-G1.045-C3,79232,23,1
A-G1.045-C3,79232,24,1
A-G1.045-C3,79232,25,1
A-G1.045-C3,79232,26,1
A-G1.045-C3,79232,27,1
A-G1.045-C3,79232,28,1
A-G1.045-C3,79232,29,0.9962962962962997
A-G1.045-C3,79232,30,1
A-G1.045-C3,79232,31,1
A-G1.045-C3,87151,0,1
A-G1.045-C3,87151,1,1
A-G1.045-C3,87151,2,1
A-G1.045-C3,87151,3,1
A-G1.045-C3,87151,4,1
A-G1.045-C3,87151,5,1
A-G1.045-C3,87151,6,1
A-G1.045-C3,87151,7,1
A-G1.045-C3,87151,8,1
A-G1.045-C3,87151,9,1
A-G1.045-C3,87151,10,1
A-G1.045-C3,87151,11,1
A-G1.045-C3,87151,12,1
A-G1.045-C3,87151,13,1
A-G1.045-C3,87151,14,1
A-G1.045-C3,87151,15,1
A-G1.045-C3,87151,16,1
A-G1.045-C3,87151,17,1
A-G1.045-C3,87151,18,1
A-G1.045-C3,87151,19,1
A-G1.045-C3,87151,20,1
A-G1.045-C3,87151,21,1
A-G1.045-C3,87151,22,1
A-G1.045-C3,87151,23,1
A-G1.045-C3,87151,24,1
A-G1.045-C3,87151,25,1
A-G1.045-C3,87151,26,1
A-G1.045-C3,87151,27,1
A-G1.045-C3,87151,28,1
A-G1.045-C3,87151,29,1
A-G1.045-C3,87151,30,1
A-G1.045-C3,87151,31,1
A-G1.045-C3,95070,0,1
A-G1.045-C3,95070,1,1
A-G1.045-C3,95070,2,1
A-G1.045-C3,95070,3,1
A-G1.045-C3,95070,4,1
A-G1.045-C3,95070,5,1
A-G1.045-C3,95070,6,1
A-G1.045-C3,95070,7,1
A-G1.045-C3,95070,8,1
A-G1.045-C3,95070,9,1
A-G1.045-C3,95070,10,1
A-G1.045-C3,95070,11,1
A-G1.045-C3,95070,12,1
A-G1.045-C3,95070,13,1
A-G1.045-C3,95070,14,1
A-G1.045-C3,95070,15,1
A-G1.045-C3,95070,16,1
A-G1.045-C3,95070,17,1
A-G1.045-C3,95070,18,1
A-G1.045-C3,95070,19,1
A-G1.045-C3,95070,20,1
A-G1.045-C3,95070,21,1
A-G1.045-C3,95070,22,1
A-G1.045-C3,95070,23,1
A-G1.045-C3,95070,24,1
A-G1.045-C3,95070,25,1
A-G1.045-C3,95070,26,1
A-G1.045-C3,95070,27,1
A-G1.045-C3,95070,28,1
A-G1.045-C3,95070,29,1
A-G1.045-C3,95070,30,0.8574184085074127
A-G1.045-C3,102989,0,1
A-G1.045-C3,102989,1,1
A-G1.045-C3,102989,2,1
A-G1.045-C3,102989,3,1
A-G1.045-C3,102989,4,1
A-G1.045-C3,102989,5,1
A-G1.045-C3,102989,6,0.9296296296296305
A-G1.045-C3,102989,7,1
A-G1.045-C3,102989,8,1
A-G1.045-C3,102989,9,1
A-G1.045-C3,102989,10,1
A-G1.045-C3,102989,11,1
A-G1.045-C3,102989,12,0.9646023072259259
A-G1.045-C3,102989,13,1
A-G1.045-C3,102989,14,1
A-G1.045-C3,102989,15,1
A-G1.045-C3,102989,16,1
A-G1.045-C3,102989,17,1
A-G1.045-C3,102989,18,1
A-G1.045-C3,102989,19,1
A-G1.045-C3,102989,20,1
A-G1.045-C3,102989,21,1
A-G1.045-C3,102989,22,1
A-G1.045-C3,102989,23,1
A-G1.045-C3,102989,24,1
A-G1.045-C3,102989,25,1
A-G1.045-C3,102989,26,1
A-G1.045-C3,102989,27,1
A-G1.045-C3,102989,28,1
A-G1.045-C3,102989,29,1
A-G1.045-C3,102989,30,1
A-G1.045-C3,102989,31,1
A-G1.045-C3,110908,0,1
A-G1.045-C3,110908,1,1
A-G1.045-C3,110908,2,1
A-G1.045-C3,110908,3,1
A-G1.045-C3,110908,4,1
A-G1.045-C3,110908,5,1
A-G1.045-C3,110908,6,1
A-G1.045-C3,110908,7,1
A-G1.045-C3,110908,8,1
A-G1.045-C3,110908,9,1
A-G1.045-C3,110908,10,1
A-G1.045-C3,110908,11,1
A-G1.045-C3,110908,12,1
A-G1.045-C3,110908,13,1
A-G1.045-C3,110908,14,1
A-G1.045-C3,110908,15,1
A-G1.045-C3,110908,16,1
A-G1.045-C3,110908,17,1
A-G1.045-C3,110908,18,1
A-G1.045-C3,110908,19,1
A-G1.045-C3,110908,20,1
A-G1.045-C3,110908,21,1
A-G1.045-C3,110908,22,1
A-G1.045-C3,110908,23,1
A-G1.045-C3,110908,24,1
A-G1.045-C3,110908,25,1
A-G1.045-C3,110908,26,1
A-G1.045-C3,110908,27,0.9614596949888807
A-G1.045-C3,110908,28,1
A-G1.045-C3,110908,29,1
A-G1.045-C3,110908,30,1
A-G1.045-C3,110908,31,1
A-G1.045-C3,118827,0,1
A-G1.045-C3,118827,1,1
A-G1.045-C3,118827,2,1
A-G1.045-C3,118827,3,1
A-G1.045-C3,118827,4,1
A-G1.045-C3,118827,5,1
A-G1.045-C3,118827,6,1
A-G1.045-C3,118827,7,1
A-G1.045-C3,118827,8,1
A-G1.045-C3,118827,9,1
A-G1.045-C3,118827,10,1
A-G1.045-C3,118827,11,1
A-G1.045-C3,118827,12,1
A-G1.045-C3,118827,13,1
A-G1.045-C3,118827,14,1
A-G1.045-C3,118827,15,1
A-G1.045-C3,118827,16,1
A-G1.045-C3,118827,17,1
A-G1.045-C3,118827,18,1
A-G1.045-C3,118827,19,1
A-G1.045-C3,118827,20,1
A-G1.045-C3,118827,21,1
A-G1.045-C3,118827,22,1
A-G1.045-C3,118827,23,1
A-G1.045-C3,118827,24,1
A-G1.045-C3,118827,25,1
A-G1.045-C3,118827,26,1
A-G1.045-C3,118827,27,1
A-G1.045-C3,118827,28,0.9985185185185199
A-G1.045-C3,118827,29,1
A-G1.045-C3,118827,30,1
A-G1.045-C3,126746,0,1
A-G1.045-C3,126746,1,1
A-G1.045-C3,126746,2,1
A-G1.045-C3,126746,3,1
A-G1.045-C3,126746,4,1
A-G1.045-C3,126746,5,1
A-G1.045-C3,126746,6,1
A-G1.045-C3,126746,7,1
A-G1.045-C3,126746,8,1
A-G1.045-C3,126746,9,1
A-G1.045-C3,126746,10,1
A-G1.045-C3,126746,11,1
A-G1.045-C3,126746,12,1
A-G1.045-C3,126746,13,1
A-G1.045-C3,126746,14,1
A-G1.045-C3,126746,15,1
A-G1.045-C3,126746,16,1
A-G1.045-C3,126746,17,1
A-G1.045-C3,126746,18,1
A-G1.045-C3,126746,19,1
A-G1.045-C3,126746,20,1
A-G1.045-C3,126746,21,1
A-G1.045-C3,126746,22,1
A-G1.045-C3,126746,23,1
A-G1.045-C3,126746,24,1
A-G1.045-C3,126746,25,1
A-G1.045-C3,126746,26,1
A-G1.045-C3,126746,27,1
A-G1.045-C3,126746,28,1
A-G1.045-C3,126746,29,1
A-G1.045-C3,126746,30,1
A-G1.045-C3,126746,31,1
A-G1.045-C3,134665,0,1
A-G1.045-C3,134665,1,1
A-G1.045-C3,134665,2,1
A-G1.045-C3,134665,3,1
A-G1.045-C3,134665,4,1
A-G1.045-C3,134665,5,1
A-G1.045-C3,134665,6,1
A-G1.045-C3,134665,7,1
A-G1.045-C3,134665,8,1
A-G1.045-C3,134665,9,1
A-G1.045-C3,134665,10,1
A-G1.045-C3,134665,11,1
A-G1.045-C3,134665,12,1
A-G1.045-C3,134665,13,1
A-G1.045-C3,134665,14,1
A-G1.045-C3,134665,15,1
A-G1.045-C3,134665,16,1
A-G1.045-C3,134665,17,1
A-G1.045-C3,134665,18,1
A-G1.045-C3,134665,19,1
A-G1.045-C3,134665,20,1
A-G1.045-C3,134665,21,1
A-G1.045-C3,134665,22,1
A-G1.045-C3,134665,23,1
A-G1.045-C3,134665,24,1
A-G1.045-C3,134665,25,1
A-G1.045-C3,134665,26,1
A-G1.045-C3,134665,27,1
A-G1.045-C3,134665,28,0.984085075174082
A-G1.045-C3,134665,29,1
A-G1.045-C3,134665,30,1
A-G1.045-C3,142584,0,1
A-G1.045-C3,142584,1,1
A-G1.045-C3,142584,2,1
A-G1.045-C3,142584,3,1
A-G1.045-C3,142584,4,1
A-G1.045-C3,142584,5,1
A-G1.045-C3,142584,6,1
A-G1.045-C3,142584,7,1
A-G1.045-C3,142584,8,1
A-G1.045-C3,142584,9,1
A-G1.045-C3,142584,10,1
A-G1.045-C3,142584,11,1
A-G1.045-C3,142584,12,1
A-G1.045-C3,142584,13,1
A-G1.045-C3,142584,14,1
A-G1.045-C3,142584,15,1
A-G1.045-C3,142584,16,1
A-G1.045-C3,142584,17,1
A-G1.045-C3,142584,18,1
A-G1.045-C3,142584,19,1
A-G1.045-C3,142584,20,1
A-G1.045-C3,142584,21,1
A-G1.045-C3,142584,22,1
A-G1.045-C3,142584,23,1
A-G1.045-C3,142584,24,1
A-G1.045-C3,142584,25,1
A-G1.045-C3,142584,26,1
A-G1.045-C3,142584,27,1
A-G1.045-C3,142584,28,1
A-G1.045-C3,142584,29,1
A-G1.045-C3,142584,30,1
A-G1.045-C3,150503,0,1
A-G1.045-C3,150503,1,1
A-G1.045-C3,150503,2,1
A-G1.045-C3,150503,3,1
A-G1.045-C3,150503,4,1
A-G1.045-C3,150503,5,1
A-G1.045-C3,150503,6,1
A-G1.045-C3,150503,7,1
A-G1.045-C3,150503,8,1
A-G1.045-C3,150503,9,1
A-G1.045-C3,150503,10,1
A-G1.045-C3,150503,11,1
A-G1.045-C3,150503,12,1
A-G1.045-C3,150503,13,1
A-G1.045-C3,150503,14,1
A-G1.045-C3,150503,15,1
A-G1.045-C3,150503,16,1
A-G1.045-C3,150503,17,1
A-G1.045-C3,150503,18,1
A-G1.045-C3,150503,19,1
A-G1.045-C3,150503,20,1
A-G1.045-C3,150503,21,1
A-G1.045-C3,150503,22,1
A-G1.045-C3,150503,23,1
A-G1.045-C3,150503,24,1
A-G1.045-C3,150503,25,1
A-G1.045-C3,150503,26,1
A-G1.045-C3,150503,27,1
A-G1.045-C3,150503,28,1
A-G1.045-C3,150503,29,1
A-G1.045-C3,150503,30,1
A-G1.045-C3,158422,0,1
A-G1.045-C3,158422,1,1
A-G1.045-C3,158422,2,1
A-G1.045-C3,158422,3,1
A-G1.045-C3,158422,4,1
A-G1.045-C3,158422,5,1
A-G1.045-C3,158422,6,1
A-G1.045-C3,158422,7,1
A-G1.045-C3,158422,8,1
A-G1.045-C3,158422,9,1
A-G1.045-C3,158422,10,1
A-G1.045-C3,158422,11,1
A-G1.045-C3,158422,12,1
A-G1.045-C3,158422,13,1
A-G1.045-C3,158422,14,1
A-G1.045-C3,158422,15,1
A-G1.045-C3,158422,16,1
A-G1.045-C3,158422,17,1
A-G1.045-C3,158422,18,1
A-G1.045-C3,158422,19,1
A-G1.045-C3,158422,20,1
A-G1.045-C3,158422,21,1
A-G1.045-C3,158422,22,1
A-G1.045-C3,158422,23,1
A-G1.045-C3,158422,24,1
A-G1.045-C3,158422,25,1
A-G1.045-C3,158422,26,1
A-G1.045-C3,158422,27,1
A-G1.045-C3,158422,28,1
A-G1.045-C3,158422,29,1
A-G1.045-C3,158422,30,1
A-G1.045-C3,166341,0,1
A-G1.045-C3,166341,1,1
A-G1.045-C3,166341,2,1
A-G1.045-C3,166341,3,1
A-G1.045-C3,166341,4,1
A-G1.045-C3,166341,5,1
A-G1.045-C3,166341,6,1
A-G1.045-C3,166341,7,1
A-G1.045-C3,166341,8,1
A-G1.045-C3,166341,9,1
A-G1.045-C3,166341,10,1
A-G1.045-C3,166341,11,1
A-G1.045-C3,166341,12,1
A-G1.045-C3,166341,13,1
A-G1.045-C3,166341,14,1
A-G1.045-C3,166341,15,1
A-G1.045-C3,166341,16,1
A-G1.045-C3,166341,17,1
A-G1.045-C3,166341,18,1
A-G1.045-C3,166341,19,1
A-G1.045-C3,166341,20,1
A-G1.045-C3,166341,21,1
A-G1.045-C3,166341,22,1
A-G1.045-C3,166341,23,1
A-G1.045-C3,166341,24,1
A-G1.045-C3,166341,25,1
A-G1.045-C3,166341,26,1
A-G1.045-C3,166341,27,1
A-G1.045-C3,166341,28,1
A-G1.045-C3,166341,29,1
A-G1.045-C3,166341,30,1
A-G1.045-C3,166341,31,1
A-G1.045-C3,174260,0,1
A-G1.045-C3,174260,1,1
A-G1.045-C3,174260,2,1
A-G1.045-C3,174260,3,1
A-G1.045-C3,174260,4,1
A-G1.045-C3,174260,5,1
A-G1.045-C3,174260,6,1
A-G1.045-C3,174260,7,1
A-G1.045-C3,174260,8,1
A-G1.045-C3,174260,9,1
A-G1.045-C3,174260,10,1
A-G1.045-C3,174260,11,1
A-G1.045-C3,174260,12,1
A-G1.045-C3,174260,13,1
A-G1.045-C3,174260,14,1
A-G1.045-C3,174260,15,1
A-G1.045-C3,174260,16,1
A-G1.045-C3,174260,17,1
A-G1.045-C3,174260,18,1
A-G1.045-C3,174260,19,1
A-G1.045-C3,174260,20,1
A-G1.045-C3,174260,21,1
A-G1.045-C3,174260,22,1
A-G1.045-C3,174260,23,1
A-G1.045-C3,174260,24,1
A-G1.045-C3,174260,25,1
A-G1.045-C3,174260,26,1
A-G1.045-C3,174260,27,1
A-G1.045-C3,174260,28,1
A-G1.045-C3,174260,29,1
A-G1.045-C3,174260,30,1
A-G1.045-C3,182179,0,1
A-G1.045-C3,182179,1,1
A-G1.045-C3,182179,2,1
A-G1.045-C3,182179,3,1
A-G1.045-C3,182179,4,1
A-G1.045-C3,182179,5,1
A-G1.045-C3,182179,6,1
A-G1.045-C3,182179,7,1
A-G1.045-C3,182179,8,1
A-G1.045-C3,182179,9,1
A-G1.045-C3,182179,10,1
A-G1.045-C3,182179,11,1
A-G1.045-C3,182179,12,1
A-G1.045-C3,182179,13,1
A-G1.045-C3,182179,14,1
A-G1.045-C3,182179,15,1
A-G1.045-C3,182179,16,1
A-G1.045-C3,182179,17,1
A-G1.045-C3,182179,18,1
A-G1.045-C3,182179,19,1
A-G1.045-C3,182179,20,1
A-G1.045-C3,182179,21,1
A-G1.045-C3,182179,22,1
A-G1.045-C3,182179,23,1
A-G1.045-C3,182179,24,1
A-G1.045-C3,182179,25,1
A-G1.045-C3,182179,26,1
A-G1.045-C3,182179,27,0.8618518518518512
A-G1.045-C3,182179,28,1
A-G1.045-C3,182179,29,1
A-G1.045-C3,182179,30,0.9917655519592599
A-G1.045-C3,190098,0,1
A-G1.045-C3,190098,1,1
A-G1.045-C3,190098,2,1
A-G1.045-C3,190098,3,1
A-G1.045-C3,190098,4,1
A-G1.045-C3,190098,5,1
A-G1.045-C3,190098,6,1
A-G1.045-C3,190098,7,1
A-G1.045-C3,190098,8,1
A-G1.045-C3,190098,9,1
A-G1.045-C3,190098,10,1
A-G1.045-C3,190098,11,1
A-G1.045-C3,190098,12,1
A-G1.045-C3,190098,13,1
A-G1.045-C3,190098,14,1
A-G1.045-C3,190098,15,1
A-G1.045-C3,190098,16,1
A-G1.045-C3,190098,17,1
A-G1.045-C3,190098,18,1
A-G1.045-C3,190098,19,1
A-G1.045-C3,190098,20,1
A-G1.045-C3,190098,21,1
A-G1.045-C3,190098,22,1
A-G1.045-C3,190098,23,1
A-G1.045-C3,190098,24,1
A-G1.045-C3,190098,25,1
A-G1.045-C3,190098,26,1
A-G1.045-C3,190098,27,1
A-G1.045-C3,190098,28,1
A-G1.045-C3,190098,29,1
A-G1.045-C3,190098,30,1
A-G1.045-C3,190098,31,1
A-G1.045-C3,198017,0,1
A-G1.045-C3,198017,1,1
A-G1.045-C3,198017,2,1
A-G1.045-C3,198017,3,1
A-G1.045-C3,198017,4,1
A-G1.045-C3,198017,5,1
A-G1.045-C3,198017,6,1
A-G1.045-C3,198017,7,1
A-G1.045-C3,198017,8,1
A-G1.045-C3,198017,9,1
A-G1.045-C3,198017,10,1
A-G1.045-C3,198017,11,1
A-G1.045-C3,198017,12,1
A-G1.045-C3,198017,13,1
A-G1.045-C3,198017,14,1
A-G1.045-C3,198017,15,1
A-G1.045-C3,198017,16,1
A-G1.045-C3,198017,17,1
A-G1.045-C3,198017,18,1
A-G1.045-C3,198017,19,1
A-G1.045-C3,198017,20,1
A-G1.045-C3,198017,21,1
A-G1.045-C3,198017,22,1
A-G1.045-C3,198017,23,1
A-G1.045-C3,198017,24,1
A-G1.045-C3,198017,25,1
A-G1.045-C3,198017,26,1
A-G1.045-C3,198017,27,1
A-G1.045-C3,198017,28,1
A-G1.045-C3,198017,29,1
A-G1.045-C3,198017,30,1
A-G1.045-C3,205936,0,1
A-G1.045-C3,205936,1,1
A-G1.045-C3,205936,2,1
A-G1.045-C3,205936,3,1
A-G1.045-C3,205936,4,1
A-G1.045-C3,205936,5,1
A-G1.045-C3,205936,6,1
A-G1.045-C3,205936,7,1
A-G1.045-C3,205936,8,1
A-G1.045-C3,205936,9,1
A-G1.045-C3,205936,10,1
A-G1.045-C3,205936,11,1
A-G1.045-C3,205936,12,1
A-G1.045-C3,205936,13,1
A-G1.045-C3,205936,14,1
A-G1.045-C3,205936,15,1
A-G1.045-C3,205936,16,1
A-G1.045-C3,205936,17,1
A-G1.045-C3,205936,18,1
A-G1.045-C3,205936,19,1
A-G1.045-C3,205936,20,1
A-G1.045-C3,205936,21,1
A-G1.045-C3,205936,22,1
A-G1.045-C3,205936,23,1
A-G1.045-C3,205936,24,1
A-G1.045-C3,205936,25,1
A-G1.045-C3,205936,26,1
A-G1.045-C3,205936,27,1
A-G1.045-C3,205936,28,0.9985185185185199
A-G1.045-C3,205936,29,1
A-G1.045-C3,205936,30,1
A-G1.045-C3,205936,31,1
A-G1.045-C3,213855,0,1
A-G1.045-C3,213855,1,1
A-G1.045-C3,213855,2,1
A-G1.045-C3,213855,3,1
A-G1.045-C3,213855,4,1
A-G1.045-C3,213855,5,1
A-G1.045-C3,213855,6,1
A-G1.045-C3,213855,7,1
A-G1.045-C3,213855,8,1
A-G1.045-C3,213855,9,1
A-G1.045-C3,213855,10,1
A-G1.045-C3,213855,11,1
A-G1.045-C3,213855,12,1
A-G1.045-C3,213855,13,0.9979356405592625
A-G1.045-C3,213855,14,1
A-G1.045-C3,213855,15,1
A-G1.045-C3,213855,16,1
A-G1.045-C3,213855,17,1
A-G1.045-C3,213855,18,1
A-G1.045-C3,213855,19,1
A-G1.045-C3,213855,20,1
A-G1.045-C3,213855,21,1
A-G1.045-C3,213855,22,1
A-G1.045-C3,213855,23,1
A-G1.045-C3,213855,24,1
A-G1.045-C3,213855,25,1
A-G1.045-C3,213855,26,1
A-G1.045-C3,213855,27,1
A-G1.045-C3,213855,28,1
A-G1.045-C3,213855,29,0.9584322186259231
A-G1.045-C3,213855,30,1
A-G1.045-C3,213855,31,1
A-G1.045-C3,221774,0,1
A-G1.045-C3,221774,1,1
A-G1.045-C3,221774,2,1
A-G1.045-C3,221774,3,1
A-G1.045-C3,221774,4,1
A-G1.045-C3,221774,5,1
A-G1.045-C3,221774,6,1
A-G1.045-C3,221774,7,1
A-G1.045-C3,221774,8,1
A-G1.045-C3,221774,9,1
A-G1.045-C3,221774,10,1
A-G1.045-C3,221774,11,1
A-G1.045-C3,221774,12,1
A-G1.045-C3,221774,13,1
A-G1.045-C3,221774,14,1
A-G1.045-C3,221774,15,1
A-G1.045-C3,221774,16,1
A-G1.045-C3,221774,17,1
A-G1.045-C3,221774,18,1
A-G1.045-C3,221774,19,1
A-G1.045-C3,221774,20,1
A-G1.045-C3,221774,21,1
A-G1.045-C3,221774,22,1
A-G1.045-C3,221774,23,1
A-G1.045-C3,221774,24,1
A-G1.045-C3,221774,25,1
A-G1.045-C3,221774,26,1
A-G1.045-C3,221774,27,1
A-G1.045-C3,221774,28,1
A-G1.045-C3,221774,29,1
A-G1.045-C3,221774,30,1
A-G1.045-C3,221774,31,1
A-G1.045-C3,229693,0,1
A-G1.045-C3,229693,1,1
A-G1.045-C3,229693,2,1
A-G1.045-C3,229693,3,1
A-G1.045-C3,229693,4,1
A-G1.045-C3,229693,5,1
A-G1.045-C3,229693,6,1
A-G1.045-C3,229693,7,1
A-G1.045-C3,229693,8,1
A-G1.045-C3,229693,9,1
A-G1.045-C3,229693,10,1
A-G1.045-C3,229693,11,1
A-G1.045-C3,229693,12,1
A-G1.045-C3,229693,13,1
A-G1.045-C3,229693,14,1
A-G1.045-C3,229693,15,1
A-G1.045-C3,229693,16,1
A-G1.045-C3,229693,17,1
A-G1.045-C3,229693,18,1
A-G1.045-C3,229693,19,1
A-G1.045-C3,229693,20,1
A-G1.045-C3,229693,21,1
A-G1.045-C3,229693,22,1
A-G1.045-C3,229693,23,1
A-G1.045-C3,229693,24,1
A-G1.045-C3,229693,25,1
A-G1.045-C3,229693,26,1
A-G1.045-C3,229693,27,1
A-G1.045-C3,229693,28,1
A-G1.045-C3,229693,29,1
A-G1.045-C3,229693,30,1
A-G1.045-C3,229693,31,1
