candidate,rank,bootstrapResamples,medianMinutes,ci95Low,ci95High,censored
A-G1.040-C3,1,2000,11.866166830020834,11.726802928038333,13.758039058134166,0
A-G1.040-C3,2,2000,23.112792026803334,22.987388559919168,24.48916176882667,0
A-G1.040-C3,3,2000,35.68532153028001,34.0617877688725,37.798148869974995,0
A-G1.040-C3,4,2000,,,,30
A-G1.042-C3,1,2000,13.766270104096666,11.955247436515833,13.831555632219168,0
A-G1.042-C3,2,2000,24.718556871275833,23.258872573384167,25.241329221273336,0
A-G1.042-C3,3,2000,38.409329108287494,36.19438099534167,41.32958823728083,0
A-G1.042-C3,4,2000,,,,30
A-G1.045-C3,1,2000,13.694997659576666,11.899533023839167,13.8239517041625,0
A-G1.045-C3,2,2000,26.838980923623332,24.696755926615833,28.711772565898336,0
A-G1.045-C3,3,2000,41.4356141448175,39.399537407105,43.5893889830875,0
A-G1.045-C3,4,2000,,,,30
